-- phpMyAdmin SQL Dump
-- version 4.8.5
-- https://www.phpmyadmin.net/
--
-- Host: 127.0.0.1
-- Generation Time: Apr 11, 2019 at 08:16 PM
-- Server version: 10.1.38-MariaDB
-- PHP Version: 7.3.2

SET SQL_MODE = "NO_AUTO_VALUE_ON_ZERO";
SET AUTOCOMMIT = 0;
START TRANSACTION;
SET time_zone = "+00:00";


/*!40101 SET @OLD_CHARACTER_SET_CLIENT=@@CHARACTER_SET_CLIENT */;
/*!40101 SET @OLD_CHARACTER_SET_RESULTS=@@CHARACTER_SET_RESULTS */;
/*!40101 SET @OLD_COLLATION_CONNECTION=@@COLLATION_CONNECTION */;
/*!40101 SET NAMES utf8mb4 */;

--
-- Database: `conor_murphy_news_dd`
--

-- --------------------------------------------------------

--
-- Table structure for table `areawrittenid`
--

CREATE TABLE `areawrittenid` (
  `id` int(11) NOT NULL,
  `name` varchar(30) NOT NULL
) ENGINE=InnoDB DEFAULT CHARSET=latin1;

--
-- Dumping data for table `areawrittenid`
--

INSERT INTO `areawrittenid` (`id`, `name`) VALUES
(1, 'Dublin'),
(2, 'UK'),
(3, 'Liverpool'),
(4, 'Egypt'),
(5, 'Westmeath'),
(6, 'Ireland'),
(7, 'Tipperary');

-- --------------------------------------------------------

--
-- Table structure for table `stories`
--

CREATE TABLE `stories` (
  `id` int(11) NOT NULL,
  `mainHeadline` varchar(255) NOT NULL,
  `backupHeadline` varchar(255) NOT NULL,
  `keyInfo` varchar(255) NOT NULL,
  `story` text NOT NULL,
  `summaryStory` text NOT NULL,
  `dateWritten` date NOT NULL,
  `timeWritten` time NOT NULL,
  `storyTypeID` int(11) NOT NULL,
  `writterID` int(11) NOT NULL,
  `areaWritten` int(11) NOT NULL
) ENGINE=InnoDB DEFAULT CHARSET=latin1;

--
-- Dumping data for table `stories`
--

INSERT INTO `stories` (`id`, `mainHeadline`, `backupHeadline`, `keyInfo`, `story`, `summaryStory`, `dateWritten`, `timeWritten`, `storyTypeID`, `writterID`, `areaWritten`) VALUES
(1, '\'Backstop can be changed without reopening May\'s deal\' - UK minister', '\'Backstop can be changed...', 'The British prime minister may not seek to reopen the Brexit Withdrawal Agreement ', '<div class=\"nine alpha omega marginBottom\">\r\n<p class=\"story\">\r\nThe British prime minister may not seek to reopen the Brexit Withdrawal Agreement after all, a senior member of her Cabinet has indicated.</p>\r\n\r\n<p class=\"story\">Theresa May is now considering the possibility of getting a legally binding statement from the EU on the backstop rather than changing the deal itself.</p>\r\n\r\n<p class=\"story\">Irish ministers have always said they would be open-minded about offering clarifications on the backstop through a codicil - but insist that cannot extend to adding a time limit or unilateral exit mechanism. It comes as French President Emmanuel Macron\'s office was forced to downplay reports in the UK media that his government had offered concessions on the backstop.</p>\r\n\r\n<p class=\"story\">Mr Macron has championed the EU\'s refusal to reopen the Brexit deal but it was claimed this position was softening.</p>\r\n\r\n<p class=\"story\">However, the Elysee Palace said last night:</p>\r\n</div>\r\n<div class=\"twelve alpha omega marginBottom\">\r\n<p class=\"quote\"><span class=\"quoteMarks\">\"</span> These [reports] are without any foundation... The French position is that of the European Union: the Withdrawal Agreement is not renegotiable.<span class=\"quoteMarks\">\"</span>\r\n</div>\r\n\r\n<div class=\"twelve\">\r\n<div class=\"nine alpha omega marginBottom\">\r\n<div class=\"five alpha\">\r\n<p class=\"story\">Normal EU business continues today with a meeting of foreign ministers due to discuss the situations in Ukraine, Syria, the Horn of Africa and Venezuela. Brexit is not on the agenda but Tanaiste Simon Coveney is likely to continue lobbying his counterparts for support.</p>\r\n\r\n<p class=\"story\">Elsewhere in Brussels, UK Brexit Secretary Stephen Barclay will meet the EU\'s chief negotiator Michel Barnier to discuss the proposals of the Alternative Arrangements Working Group of Tories, who have been seeking a compromise solution to avoid the need for a backstop.</p> </div>\r\n\r\n<div class=\"four omega\">\r\n<p class=\"story\">EU officials will be carefully watching to see if there is any substance to statements made by Mrs May\'s culture secretary on the BBC yesterday.</p>\r\n\r\n<p class=\"story\">Jeremy Wright implied the insurance policy to prevent a hard Border could be amended via a codicil, saying the \"objective\" mattered more than the \"mechanism\".</p> \r\n</div>\r\n</div>\r\n</div>\r\n\r\n<div class=\"twelve alpha\">\r\n<div class=\"nine alpha omega marginBottom\">\r\n<p class=\"story\">His comments came hours after Mrs May wrote to Tory MPs assuring them the government would continue its work to secure changes to the backstop, pleading with them to unite and deliver on Brexit.</p>\r\n</div>\r\n</div>\r\n\r\n<div class=\"twelve alpha omega marginBottom\">\r\n<p class=\"quote\"><span class=\"quoteMarks\">\"</span>I think what\'s obvious is that parliament, and I think probably people well beyond parliament, are concerned about the potential indefinite nature of the backstop.<span class=\"quoteMarks\">\"</span> <span class=\"reporter\"> - Mr Wright said.</span></p>\r\n</div>\r\n</div>', 'The British prime minister may not seek to reopen the Brexit Withdrawal Agreement after all...', '2019-02-18', '02:30:00', 1, 1, 2),
(2, 'Stephen Hunt: \'Key clashes will decide winner in the greatest rivalry of all\'', 'Stephen Hunt: \'Key clashes will ...', ' \'Key clashes will decide winner in the greatest rivalry of all\'', '<div class=\"nine alpha omega marginBottom\">\r\n<p class=\"story\">\r\nThere are always key head-to-head battles and match-ups in big games like Manchester United versus Liverpool but I think three major confrontations will decide the outcome at Old Trafford today.</p>\r\n\r\n<p class=\"story\">Across the pitch there is not much between the two teams if they are in top form. Starting with the goalkeepers David de Gea and Alisson Becker, who are both world class, with different strengths . . . I could go on.</p>\r\n\r\n<p class=\"story\">But there are three outstanding one-to-one battles in today\'s game and the team that comes out on top in those contests is certain to win.</p>\r\n</div>\r\n\r\n<div class=\"twelve alpha omega marginBottom\">\r\n<p class=\"verdict\">PAUL POGBA v JORDAN HENDERSON</p>\r\n</div>\r\n<div class=\"twelve\">\r\n<div class=\"nine alpha omega marginBottom\">\r\n<div class=\"five alpha\">\r\n<p class=\"story\">Pogba only has eyes on the Liverpool game because he is suspended for the midweek Champions League second leg against Paris Saint-Germain while Henderson comes into this match on the back of an outstanding performance against Bayern Munich.<p>\r\n\r\n<p class=\"story\">The question is can Henderson reach those levels to get close to Pogba when he is at his best and most dangerous? The Frenchman has been excellent since the shackles of Jose Mourinho were removed and he is clearly enjoying the freedom under Ole Gunnar Solskjaer.</p>\r\n</div>\r\n\r\n<div class=\"four omega\">\r\n<p class=\"story\">His burst of pace is extraordinary. It reminds me of playing against Yaya Toure. I really thought I could keep up with him but when he got into his stride, he was gone and I was thinking, \'I am going to have to rugby tackle this guy to stop him\'.</p>\r\n\r\n<p class=\"story\">When Pogba puts his foot down and bombs into the box, there is only one winner, which was demonstrated by his goal against Chelsea in the FA Cup last week when he ghosted into the penalty area and powered his header home.</p>\r\n</div>\r\n</div>\r\n</div>\r\n\r\n<div class=\"twelve alpha\">\r\n<div class=\"nine alpha omega marginBottom\">\r\n<p class=\"story\">Most of the time, Henderson is a six or seven out of ten, but when he is on top of his game, playing with confidence and not carrying an injury, he is a nine, as he was against Bayern.</p>\r\n\r\n<p class=\"story\">I reckon he is a nine or ten every day on the training ground and in the dressing room, which is why he is the Liverpool captain and Jurgen Klopp loves him so much. You need to be in the Liverpool dressing room to get his personality and see how he goes about his job and how professional he is. Klopp knows he can rely on Jordan Henderson, which is why he is in the team.</p>\r\n</div>\r\n</div>\r\n\r\n<div class=\"twelve alpha omega marginBottom\">\r\n<p class=\"verdict\">Verdict: Paul Pogba</p>\r\n</div>\r\n\r\n<div class=\"twelve alpha omega marginBottom\">\r\n<p class=\"verdict\">MO SALAH v LUKE SHAW</p>\r\n</div>\r\n<div class=\"twelve alpha\">\r\n<div class=\"nine alpha omega marginBottom\">\r\n<p class=\"story\">This will be a game of cat and mouse between two players who have been among the most consistent for their clubs this season and who are bound to be involved in key moments.</p>\r\n</div>\r\n</div>\r\n\r\n<div class=\"twelve\">\r\n<div class=\"nine alpha omega marginBottom\">\r\n<div class=\"five alpha\">\r\n<p class=\"story\">Salah has been among the goals again and, even though it doesn\'t feel he has been as prolific this season, he has still scored 20 goals in 35 appearances for Liverpool. And with just one goal in the last four, you get the feeling he is due one.</p>\r\n</div>\r\n\r\n<div class=\"four omega\">\r\n<p class=\"story\">Shaw might be reluctant to go forward as much as he has under Solskjaer so far because he cannot afford to leave the gaps Salah wants to exploit. The centre-backs will have a big role to play to nullify that threat, if Shaw does manage to get forward. Victor Lindelof has been the stand-out defender in the current run but this is a big test for him.</p>\r\n</div>\r\n</div>\r\n</div>\r\n</div>\r\n\r\n<div class=\"twelve\">\r\n<div class=\"nine alpha omega marginBottom\">\r\n<p class=\"story\">Most of the attention surrounding Mourinho\'s exit and United\'s turnaround, has centred, inevitably, on Pogba. But Shaw turned his United career round before the Demanding One left and has continued his excellent form.</p>\r\n\r\n<div class=\"twelve alpha omega marginBottom\">\r\n<p class=\"verdict\">\r\nVerdict: Luke Shaw</p>\r\n</div>\r\n\r\n<div class=\"twelve alpha omega marginBottom\">\r\n<p class=\"verdict\">\r\nMARCUS RASHFORD v VIRGIL VAN DIJK</p>\r\n</div>\r\n\r\n<div class=\"twelve\">\r\n<div class=\"nine alpha omega marginBottom\">\r\n<p class=\"story\">There is no guarantee Rashford will play through the middle for United, but I hope that is the case. It is his best position, they are much more effective when he is given the role and Romelu Lukaku is on the bench or the wings. Most importantly, it will be a fascinating tussle with Liverpool\'s best defender.</p>\r\n\r\n<p class=\"story\">Rashford is another player who has clearly benefited from Solskjaer\'s new approach and the striker is showing what he is really made of now he is concentrating solely on his football, rather than impressing the manager, and he is a menace for defenders.</p>\r\n\r\n<p class=\"story\">He takes everything in his stride, moves with the flow and does not get too excited but he is capable of hurting you with his runs in a flash, allowing Pogba to pick up space. They are trying to stretch teams with their rotation and running power and Rashford is brilliant at creating space for others.</p>\r\n\r\n<p class=\"story\">From the guy I saw at Walsall reserves, to one of the best defenders, Van Dijk has all the attributes to handle Rashford and Pogba as if they are Sunday League players. He is an animal and has everything, a presence and calmness and keeping things simple. He is by far closest thing we have seen to Rio Ferdinand in terms of reading the game.</p>\r\n</div>\r\n</div>\r\n\r\n<div class=\"twelve alpha omega marginBottom\">\r\n<p class=\"verdict\">Verdict: Virgil van Dijk</p>\r\n</div>\r\n\r\n<p class=\"story\">Sunday Indo Sport</p>\r\n</div>\r\n</div>', 'There are always key head-to-head battles and match-ups in big games like Manchester United versus Liverpool...', '2019-02-24', '13:00:00', 2, 2, 2),
(3, 'Medtech group to create 100 jobs in city', 'Medtech group to create...', 'The new roles are in the areas of clinical project management, data management, drug safety and biostatistics.', '<div class=\"nine alpha omega marginBottom\">\r\n<p class=\"story\">\r\nMedTech group Iqvia, a global technology solutions and contract research services provider, is to create 100 jobs in Dublin.</p>\r\n</div>\r\n\r\n<div class=\"twelve\">\r\n<div class=\"nine alpha omega marginBottom\">\r\n<div class=\"five alpha\">\r\n<p class=\"story\">The new roles are in the areas of clinical project management, data management, drug safety and biostatistics.</p>\r\n\r\n<p class=\"story\">In particular, Iqvia is recruiting pharmacovigilance - or drug safety - specialists, across a variety of safety services spanning both clinical trials and medicines.</p>\r\n</div>\r\n\r\n<div class=\"four omega\">\r\n<p class=\"story\">There will also be a number of opportunities available for life science graduates.</p>\r\n\r\n<p class=\"story\">Recruitment is already under way for the positions, which will be based at the group\'s East Point campus in Dublin.</p>\r\n</div>\r\n</div>\r\n</div>\r\n\r\n<div class=\"nine alpha omega marginBottom\">\r\n<p class=\"story\">Martin Giblin, country head of Iqvia Ireland, said: \"Ireland is a strategically important location for Iqvia.</p>\r\n\r\n<p class=\"story\">Today\'s announcement represents a significant step in increasing our capability to serve our pharma customers across Europe and the world.<p class=\"story\">\r\n</div>\r\n\r\n<div class=\"twelve alpha omega marginBottom\">\r\n<p class=\"quote\"><span class=\"quoteMarks\">\"</span>Ireland has a rich base of life sciences talent, is a great place to do business and we look forward to continuing to grow our business here.<span class=\"quoteMarks\">\"</span> <span class=\"reporter\"> - Mr Giblin added.</span></p>\r\n</div>\r\n\r\n<div class=\"nine alpha omega marginBottom\">\r\n<p class=\"story\">The news was welcomed by Finance Minister Paschal Donohoe as well as IDA Ireland.</p>\r\n</div>\r\n\r\n<div class=\"twelve alpha omega marginBottom\">\r\n<p class=\"quote\"><span class=\"quoteMarks\">\"</span>Ireland\'s ability to retain companies such as Iqvia is a testament to our attractive business environment, robust regulatory framework, and skilled labour force.<span class=\"quoteMarks\">\"</span> <span class=\"reporter\"> Mr Donohoe said.</span></p>\r\n</div>\r\n\r\n<div class=\"nine alpha omega marginBottom\">\r\n<p class=\"story\">meanwhile, more than 200 jobs are to be created in Sligo as part of the international expansion of a US-headquartered plastics manufacturer.<p>\r\n\r\n<p class=\"story\">Vermont-based GW Plastics, which bought Avenue Mould Solutions two years ago, plans to expand its moulding operations into a scalable 23,000 sq ft site in Sligo town.</p>\r\n\r\n<p class=\"story\">Roles in production, quality, regulatory, and engineering will be made available.</p>\r\n</div>', 'MedTech group Iqvia, a global technology solutions and contract research services provider...', '2019-02-23', '02:30:00', 1, 3, 6),
(4, 'Neil Francis: \'Ireland must keep improving in this Six Nations and put a stop to a listless and lethargic start\'', 'Neil Francis: \'Ireland must keep improving ...\'', 'Ireland must keep improving in this Six Nations', '<div class=\"nine alpha omega marginBottom\">\r\n<p class=\"story\">In one of the 1984 USA presidential election debates between the incumbent Ronald Reagan and his democratic rival Walter Mondale, the tricky subject of age came into the equation. Reagan, one of the most popular American presidents of all time, had seen his huge lead in the polls gradually whittle away to high single figures. Aged 73, his performances had seemed a little fuzzy and uncertain and the voting population needed to know whether he was still be up to the job.M</p>\r\n\r\n<p class=\"story\">The moderator, Jack Truit, asked out loud what everybody had been thinking:</p>\r\n</div>\r\n<div class=\"twelve alpha omega marginBottom\">\r\n<p class=\"quote\"><span class=\"quoteMarks\">\"</span>Mr Reagan, you are already the oldest president in history; President Kennedy had to go for days on end with very little sleep during the Cuban Missile Crisis. Is there any doubt in your mind that you would be able to function in such circumstances?<span class=\"quoteMarks\">\"</span></p>\r\n</div>\r\n\r\n<div class=\"twelve alpha\">\r\n<div class=\"nine alpha omega marginBottom\">\r\n<p class=\"story\">Reagan fixed his gaze and delivered a match-ending zinger:</p>\r\n</div> \r\n</div>\r\n\r\n<div class=\"twelve alpha omega marginBottom\">\r\n<p class=\"quote\"><span class=\"quoteMarks\">\"</span>Not at all Mr Truit and I want you to know that I will also not make age an issue in this campaign. I am not going to exploit for political purposes my opponent\'s youth and inexperience.<span class=\"quoteMarks\">\"</span></p>\r\n</div>\r\n\r\n<div class=\"twelve alpha\">\r\n<div class=\"nine alpha omega marginBottom\">\r\n<p class=\"story\">The auditorium erupted into laughter. Mondale cracked up and had to prevent himself from applauding his opponent\'s brilliant riposte.</p>\r\n\r\n<p class=\"story\">The game was over, there and then. Reagan won in a landslide.</p>\r\n</div>\r\n</div>\r\n\r\n<div class=\"twelve\">\r\n<div class=\"nine alpha omega marginBottom\">\r\n<div class=\"five alpha\">\r\n<p class=\"story\">The chances of Reagan\'s line being a moment of pure spontaneity are the same as Ireland\'s chances of losing today in Rome - but the older guy and his team knew that his age would be an issue. He remembered his lines and didn\'t fluff them in his delivery.</p>\r\n\r\n<p class=\"story\">There is no substitute for experience in the sporting sphere. Every player who has played at the highest level will tell you that if you knew the stuff you knew at the end of your career when you were younger, you would be \'The Man\'. Great players are commonly seen as those who are \'wise before their years\'.</p>\r\n</div>\r\n\r\n<div class=\"four omega\">\r\n<p class=\"story\">Italy present themselves for examination today at the Stadio Olimpico. As it has been in the Joe Schmidt era, the battle will not be with a rugged but lamentably limited blue-shirted team, but with a situation that has infected Ireland over the last four seasons. Ireland now need their experience - and experienced players - to vaccinate themselves from this type of thing happening in the big one in October.</p>\r\n\r\n</div>\r\n</div>\r\n</div>\r\n\r\n<div class=\"twelve alpha\">\r\n<div class=\"nine alpha omega marginBottom\">\r\n<p class=\"story\">I am convinced that if Ireland had brought their \'A\' game to the Aviva against England and played as well as England did, they would have won. Ireland were many leagues off where they needed to be and we all put it down to being \'one of those\' and that England wanted it more.</p>\r\n\r\n<p class=\"story\">Let us remind ourselves that Ireland performed poorly three weeks ago. They did so previously in the first fixture in Paris last season, just winning 13-15. The previous season they sleepwalked to Murrayfield and got hijacked 27-22. The season before that they meandered into a 16-16 draw in the first match of the season and also suffered an off-day against the same opposition in Cardiff the season before that. Surely these unsatisfactory starts cannot have escaped their and their opponents\' notice.</p>\r\n\r\n<p class=\"story\">A Grand Slam is an incredibly difficult thing to achieve and despite our recent pre-eminence, Ireland still struggle when they have to play tournament rugby. We seem to be far better geared to winning November internationals.</p>\r\n\r\n<p class=\"story\">I have a feeling that Ireland will win all their remaining matches, getting better and better, and saving their best performance for Wales in Cardiff which will probably garner second place for Joe Schmidt\'s team. Nobody can say that the score against Italy and the performance are not important because they are - the same goes for the French and Welsh games that are coming.</p>\r\n\r\n<p class=\"story\">The season was lost in the first game and it is important to regather and salvage something. But it all ends in the middle of March, so what relevance does it have?</p>\r\n</div>\r\n</div>\r\n\r\n<div class=\"twelve\">\r\n<div class=\"nine alpha omega marginBottom\">\r\n<div class=\"five alpha\">\r\n<p class=\"story\">Tomorrow, an eagerly awaited Leinster Schools quarter-final will be played out between Blackrock College and St Michael\'s College. That match was delayed by an outbreak of mumps and the mid-term break. People have asked, \'What\'s the form here\', and I have answered, \'there is none.\' In the space of over three weeks a side that was on fire could have lost its spark and a side that was struggling could suddenly find it.</p>\r\n\r\n<p class=\"story\">We expect that Ireland will recover themselves and that they will have a long nervy break to the pre-World Cup warm-up games and then on to the big show. Ireland in the interim could conceivably catch fire and go cold a couple of times before the main event.</p>\r\n</div>\r\n\r\n<div class=\"four omega\">\r\n<p class=\"story\">Experience teaches only the teachable. We have a vintage core of experienced players - Rory Best, Johnny Sexton, Conor Murray, Peter O\'Mahony, Sean O\'Brien and Rob Kearney - the most decorated and experienced players in Irish rugby history. All these players are in or just past their prime age but carry the same age profile as the 2003 England side that won the World Cup. That win was based wholly on the experience of their leadership group who had seen it and done it all before. They were able to identify problems and iron them out before they became issues. Not even the All Blacks have the same number of caps or as experienced a spine in their team as Ireland.</p>\r\n</div>\r\n</div>\r\n</div>\r\n\r\n<div class=\"twelve alpha\">\r\n<div class=\"nine alpha omega marginBottom\">\r\n<p class=\"story\">It is now incumbent upon them to finish off their Six Nations Championship with professional approach and improved performance but it is more important that they put a stop to a listless and lethargic start to the Championship.</p>\r\n\r\n<p class=\"story\">Ireland play Scotland again on Sunday, September 22 in Yokohama. It is, as we have observed, a dangerous time for Ireland. Scotland were poor in Murrayfield despite fancying themselves and Ireland pretty much had their number all game long without ever displaying any attacking verve on a concerted basis. The Scots have been spending many sleepless nights trying to come up with a plan to unseat us. Their number one trump card at this moment in time is to hope Ireland turn up in their usual pre-tournament torpor and under-perform.</p>\r\n\r\n<p class=\"story\">There are many things that can happen between the end of the Six Nations and September. Already the astonishing number of in excess of 31 players who started in the first game of the Championship are injured prior to the commencement of the third round. Ireland will lose four or five of their starters and we hope that none of the core group - our leaders and experienced players - will be among them.</p>\r\n\r\n<p class=\"story\">South Africa play New Zealand the day before. You can be damn sure that New Zealand will be primed to win that game and will perform to the level that is expected of them.</p>\r\n\r\n<p class=\"story\">A continued recovery of sorts starts today but from now on the focus for Ireland is to harvest their experience and not fluff their lines on the first day of the big show.</p>\r\n</div>\r\n</div>', 'In one of the 1984 USA presidential election debates between the incumbent Ronald Reagan...', '2019-02-24', '14:00:00', 2, 4, 1),
(5, '\'Help! I\'m at the Oscars... get me out of here!\' says The Favourite\'s Irish producer', '\'Help! I\'m at the Oscars... get me out of here!...', 'Your movie has been nominated for a whopping 10 Academy Awards.', '<div class=\"nine alpha omega marginBottom\">\r\n<p class=\"story\">Your movie has been nominated for a whopping 10 Academy Awards. The night ahead will be spent rubbing shoulders with the world\'s biggest stars in the glitziest event on the planet. So what are you most looking forward to?</p>\r\n\r\n<p class=\"story\">Well, if you\'re the down-to-earth Dubliner behind The Favourite, the highlight is simply coming home.</p>\r\n\r\n\r\n<p class=\"story\">Speaking ahead of tonight\'s Oscars, producer of The Favourite Ed Guiney told the Sunday Independent he is all partied out:</p>\r\n</div>\r\n\r\n<div class=\"twelve alpha omega marginBottom\">\r\n<p class=\"quote\"><span class=\"quoteMarks\">\"</span>I know this sounds really boring but I am actually really looking forward to getting on the plane back home to Dublin on Monday night.<span class=\"quoteMarks\">\"</span></p>\r\n</div>\r\n\r\n<div class=\"twelve\">\r\n<div class=\"nine alpha omega marginBottom\">\r\n<div class=\"five alpha\">\r\n<p class=\"story\">He added: \"I love Dublin, walking with my son to school, getting a coffee and wandering into work in the morning. It\'s such a lovely start to the day.\"</p>\r\n\r\n<p class=\"story\">Perhaps Ed\'s keenness to return stems from the knowledge that - win or lose - the movie has been a massive success for Element Pictures, taking US$71.4m at the box office.</p>\r\n</div>\r\n\r\n<div class=\"four alpha\">\r\n<p class=\"story\">He says: \"So many times a film has gone in with more nominations than we have - 10 or 11, like Scorsese\'s Gangs of New York, for example - and it got none. Likewise In The Name of the Father had seven and got none. But in a way you can\'t be too disappointed because, from a commercial point of view, most of the value is built in to the nominations.</p>\r\n</div>\r\n</div>\r\n</div>\r\n\r\n<div class=\"twelve\">\r\n<div class=\"nine alpha omega marginBottom\">\r\n<p class=\"story\">\"In the case of The Favourite, it went from showing in 600 screens across America to around 1,600,\" he says.</p>\r\n\r\n<p class=\"story\">Speaking about the wave of controversies that has hit many of the front runners including Green Book, Bohemian Rhapsody, BlacKkKlansman and Roma, he says previous award ceremonies haven\'t been so fraught with tension.</p>\r\n\r\n<p class=\"story\">\"There seemed to be less angst around [the year Room was nominated] so maybe there is more this year,\" he said describing it as \"a very sensitive time.\"</p>\r\n\r\n<p class=\"story\">Meanwhile, young Irish designer Laura Jane Halton has dressed the partner of Paul Young of Cartoon Saloon for tonight\'s ceremony. The studio is nominated for Best Short Animation. Aged just 34 and with a two-week deadline to design and fit the dress, it will be her fourth dress on the world\'s most famous red carpet.</p>\r\n</div>\r\n</div>', 'Your movie has been nominated for a whopping 10 Academy Awards. The night ahead will be spent...', '2019-02-24', '02:30:00', 3, 5, 1),
(6, '\'No \'Brexit deal in the desert\' as Taoiseach to attend first ever EU-Arab League summit in Egypt', '\'No \'Brexit deal in the desert\' as Taoiseach ...', 'Brexit \'deal in the desert\' is being ruled out as Europe\'s leadership including Taoiseach Leo Varadkar and British Prime Minister Theresa May decamp to Egypt today.', '<div class=\"nine alpha omega marginBottom\">\r\n<p class=\"story\">A so-called Brexit \'deal in the desert\' is being ruled out as Europe\'s leadership including Taoiseach Leo Varadkar and British Prime Minister Theresa May decamp to Egypt today.</p>\r\n\r\n<p class=\"story\">Amid heavy security in the troubled country, prime ministers from across EU and the Arab League of States have gathered for a first of its kind summit.</p>\r\n\r\n<p class=\"story\">Brexit is not on the agenda but with Mr Varadkar and Mrs May both in attendance they will be vying for the attention of other EU leaders.</p>\r\n\r\n<p class=\"story\">Mrs May is expected to meet with EU Council President Donald Tusk on the fringes of the conference to discuss changes on the Irish backstop. However, sources have ruled out a \"deal in the desert\".</p>\r\n\r\n<p class=\"story\">Special deal agreed for Irish living in the UK after Brexit, but Government has no plan to avoid hard border\r\nAhead of arriving in Sharm El-Sheiki, Mr Varadkar said:</p>\r\n</div>\r\n\r\n<div class=\"twelve alpha omega marginBottom\">\r\n<p class=\"quote\"><span class=\"quoteMarks\">\"</span>While Brexit is not on the agenda for the Summit, the event will provide me with the opportunity to discuss the latest developments with many of my EU counterparts who will be in attendance.<span class=\"quoteMarks\">\"</span></p>\r\n</div>\r\n\r\n<div class=\"twelve\">\r\n<div class=\"nine alpha omega marginBottom\">\r\n<div class=\"five alpha\">\r\n<p class=\"story\">The main purpose of the two-day summit is for leaders to consider how to strengthen cooperation on issues of mutual interest including multi-lateralism, regional peace and stability, migration, human rights, counter-terrorism, trade, economic development and climate action.</p>\r\n</div>\r\n\r\n<div class=\"four omega\">\r\n<p class=\"story\">The Taoiseach will make a formal statement during the plenary sessions, and will take the opportunity to highlight Ireland\'s priorities and perspective on a range of foreign policy issues.</p>\r\n</div>\r\n</div>\r\n</div>\r\n\r\n<div class=\"twelve\">\r\n<div class=\"nine alpha omega marginBottom\">\r\n<p class=\"story\">It is expected he is to canvass support for Ireland\'s bid to win a non-permanent seat on the UN Security Council in June 2020 for the 2021-2022 term.</p>\r\n</div>\r\n</div>\r\n\r\n<div class=\"twelve alpha omega marginBottom\">\r\n<p class=\"quote\"><span class=\"quoteMarks\">\"</span>This is the first time that leaders from EU member states and the Arab League have come together in this format to discuss shared priorities. Ireland has strong links with a number of Arab League states, through trade, our peacekeeping efforts in the Middle East and our significant expat communities in the Gulf. Also, we will soon open new embassies in Amman and Rabat.<span class=\"quoteMarks\">\"</span> <span class=\"reporter\"> Mr Varadkar said.</span></p>\r\n</div> \r\n\r\n<div class=\"twelve alpha omega marginBottom\">\r\n<p class=\"quote\"><span class=\"quoteMarks\">\"</span>Although we do not agree on everything, this Summit will provide an important opportunity for open dialogue on how we can enhance the Euro-Arab partnership and take on regional challenges, including co-operation on migration, security and counter-terrorism.<span class=\"quoteMarks\">\"</span></p>\r\n</div>\r\n\r\n<div class=\"twelve\">\r\n<div class=\"nine alpha omega marginBottom\">\r\n<p class=\"story\">The League of Arab States is the only pan-Arab grouping gathering all Arab countries. It includes 22 member states from Africa and the Middle East: Algeria, Bahrain, Comoros, Djibouti, Egypt, Iraq, Jordan, Kuwait, Lebanon, Libya, Mauritania, Morocco, Oman, Palestine, Qatar, Saudi Arabia, Somalia, Sudan, Syria, Tunisia, United Arab Emirates and Yemen. Syria\'s membership was suspended in 2011, and it is not participating in the summit.</p>\r\n</div>\r\n</div>', 'A so-called Brexit \'deal in the dessert\' is being ruled out as Europe\'s...', '2019-02-24', '07:29:00', 4, 1, 4),
(7, 'Man (39) dies following collision with pick-up truck', 'Man (39) dies following ...', 'The man was seriously injured when the car he was driving collided with a pickup truck on the N55 at Tubberclare near Glasson.', '<div class=\"nine alpha omega marginBottom\">\r\n<p class=\"story\">A man (39) has died following a collision in Co Westmeath.</p>\r\n\r\n<p class=\"story\">The man was seriously injured when the car he was driving collided with a pickup truck on the N55 at Tubberclare near Glasson.</p>\r\n\r\n<p class=\"story\">He was treated at the scene and was removed by ambulance to Midland Regional Hospital, Tullamore where he was pronounced dead a short time later.</p>\r\n\r\n<p class=\"story\">He was the sole occupant of the car.</p>\r\n</div>\r\n\r\n<div class=\"twelve\">\r\n<div class=\"nine alpha omega marginBottom\">\r\n<div class=\"five alpha\">\r\n<p class=\"story\">The driver (male 20s) and passenger (male late teens) in the pick-up truck sustained minor injuries and did not require hospital treatment.</p>\r\n</div>\r\n\r\n<div class=\"four omega\">\r\n<p class=\"story\">The crash sites and vehicles involved were examined by Garda forensic collision investigators and the road has since reopened to traffic.</p>\r\n</div>\r\n</div>\r\n</div>\r\n\r\n<div class=\"twelve alpha omega\">\r\n<div class=\"nine alpha omega marginBottom\">\r\n<p class=\"story\">The local Coroner has been notified and a post-mortem examination has been arranged.</p>\r\n\r\n<p class=\"story\">Anyone with information is asked to contact Athlone Garda Station 090 6498550 or the Garda Confidential Line 1800 666 111.</p>\r\n</div>\r\n</div>', 'A man (39) has died following a collision in Co Westmeath.', '2019-02-23', '08:58:00', 5, 6, 6),
(8, '\'Special place reserved in hell\' for people pushing for border poll, SDLP leader says', '\'Special place reserved in hell\' for people...', 'Colum Eastwood addressed the party\'s delegates in Dublin for the first time just weeks after the parties announced a \"partnership\"', '<div class=\"nine alpha omega marginBottom\">\r\n<p class=\"story\">There will be \"a special place in hell\" for people calling for a border poll in Ireland without a plan on how to deliver it, the Fianna Fail Ard Fheis was told.</p>\r\n\r\n<p class=\"story\">SDLP leader Colum Eastwood addressed the party\'s delegates in Dublin for the first time just weeks after the parties announced a \"partnership\".</p>\r\n\r\n<p class=\"story\">He said there will be a \"special place in hell\" for people pushing for a border poll in Ireland with no plan on how to deliver it.</p>\r\n\r\n<p class=\"story\">Echoing inflammatory statements from European Council president Donald Tusk who stoked backlash in the UK when he said there was a special place in hell for Brexiteers who promoted Brexit without even a sketch of a plan as to how to deliver it.</p>\r\n\r\n\r\n<p class=\"story\">Mr Eastwood said:</p>\r\n</div>\r\n\r\n<div class=\"twelve alpha omega marginBottom\">\r\n<p class=\"quote\"><span class=\"quoteMarks\">\"</span>There will be a special place reserved in hell for those who call for a border poll in Ireland with no plan and idea on how to actually deliver it.<span class=\"quoteMarks\">\"</span></p>\r\n</div>\r\n\r\n<div class=\"twelve \">\r\n<div class=\"nine alpha omega marginBottom\">\r\n<div class=\"five alpha\">\r\n<p class=\"story\">A referendum on a united Ireland would not be possible until \"definition\" and \"detail\" could be found he said.</p>\r\n\r\n<p class=\"story\">The party leader also challenged Sinn Fein to take up their seats in Westminster as Brexit looms, something the party have repeatedly ruled out.</p>\r\n</div>\r\n\r\n<div class=\"four omega\">\r\n<p class=\"story\">He said: \"Get in there and do your duty to this country or be forever defined by empty rhetoric.\"</p>\r\n\r\n<p class=\"story\">Mr Eastwood also outlined the threat that Brexit poses to Northern Ireland, risking that it will become an economic backwater if a hard border re-emerges.</p>\r\n</div>\r\n</div>\r\n</div>\r\n\r\n<div class=\"twelve alpha omega\">\r\n<div class=\"nine alpha omega marginBottom\">\r\n<p class=\"story\">\"Brexit is now the ever-shifting water table beneath our feet - it is unsettling all of the political ground which rests upon it.\" he said.</p>\r\n</div>\r\n</div>\r\n\r\n<div class=\"twelve alpha omega marginBottom\">\r\n<p class=\"quote\"><span class=\"quoteMarks\">\"</span>No-one should be in any doubt - the instability of Brexit and the instability faced by the institutions of the Good Friday Agreement are inextricably linked. A hard border in Ireland threatens to bring existential threats to many of our industries - it threatens to position us as a permanent economic backwater.<span class=\"quoteMarks\">\"</span></p>\r\n</div>\r\n\r\n<div class=\"twelve alpha omega\">\r\n<div class=\"nine alpha omega marginBottom\">\r\n<p class=\"story\">Earlier Mr Martin underlined the importance of avoiding a hard border but did not outline what he would like to see happen if Britain does crash out, but warned the WTO will be there.</p>\r\n\r\n<p class=\"story\">\"But the WTO is there [the World Trade Organisation]. The rest of Europe isn\'t going to hang around...I don\'t believe there should be a border. Every effort has to be made to avoid a no deal.\" he said.</p>\r\n\r\n<p class=\"story\">Mr Martin said he did not agree with the thinking that a no deal should be allowed to happen so as to get parties talking again, saying that would set things in train that would be very damaging.</p>\r\n</div>\r\n</div>', 'There will be \"a special place in hell\" for people calling for a border poll in Ireland...', '2019-02-23', '16:08:00', 4, 7, 1),
(9, 'Fianna Fail ready to put pressure on \'arrogant and out-of-touch\' Fine Gael after Brexit - Micheal Martin', 'Fianna Fail ready to put pressure on \'arrogant ...', 'Launching a scathing attack on the Government\'s record in health, housing and rural development, he signalled that the party is poised to ramp up pressure on Fine Gael once Brexit happens.', '<div class=\"nine alpha omega marginBottom\">\r\n<p class=\"story\">FIANNA Fail leader Micheal Martin has used his Ard Fheis address to urge members to row in behind the party\'s decision to keep Fine Gael in power in light of Brexit.</p>\r\n\r\n<p class=\"story\">Launching a scathing attack on the Government\'s record in health, housing and rural development, he signalled that the party is poised to ramp up pressure on Fine Gael once Brexit happens.</p>\r\n\r\n<p class=\"story\">The Ard Fheis is the first time the national organisation has gathered since Mr Martin decided to extend the Confidence and Supply deal underpinning the government due to the uncertainty created by Brexit.</p>\r\n\r\n<p class=\"story\">He rejected the idea that that decision did not command majority support or posed a threat to his leadership, saying delegates had a very \"nuanced view\" of the situation.</p>\r\n</div>\r\n\r\n<div class=\"twelve \">\r\n<div class=\"nine alpha omega marginBottom\">\r\n<div class=\"five alpha\">\r\n<p class=\"story\">\"In normal times there would be no question about what should happen to this government, but we have to accept the harsh reality of this very moment.\" he said.</p>\r\n\r\n<p class=\"story\">\"Ireland faces a genuinely historic threat from Brexit and it has to have a government in place if we are to have any chance of limiting its damage.\"</p>\r\n</div>\r\n\r\n<div class=\"four omega\">\r\n<p class=\"story\">Mr Martin said people in the party were keen to start canvassing on doors but that Fianna Fail was putting the national interest first.</p>\r\n\r\n<p class=\"story\">He signalled that as soon as Brexit happens the party will begin ramping up pressure on the government, although he has ruled out a 2019 election.</p>\r\n</div>\r\n</div>\r\n</div>\r\n\r\n<div class=\"twelve alpha omega\">\r\n<div class=\"nine alpha omega marginBottom\">\r\n<p class=\"story\">Mr Martin told delegates:</p>\r\n</div>\r\n</div>\r\n\r\n<div class=\"twelve alpha omega marginBottom\">\r\n<p class=\"quote\"><span class=\"quoteMarks\">\"</span>We have to get through Brexit first.  We have to be able to quickly respond to whatever happens in the coming weeks and months. We have to help businesses and communities to limit its damage. And then we must focus on showing the Irish people that there is an alternative,<span class=\"quoteMarks\">\"</span> <span class=\"reporter\"> he said.</span></p>\r\n</div>\r\n\r\n<div class=\"twelve alpha omega\">\r\n<div class=\"nine alpha omega marginBottom\">\r\n<p class=\"story\">\"They don\'t have to accept the chronic failure to deliver plans, the rising waiting lists. the scandalous levels of homelessness [and] a government which just doesn\'t get it.\"</p>\r\n\r\n<p class=\"story\">He branded the Fine Gael government \"arrogant and out-of-touch\", and focused on the housing crisis, health and issues such as the rural broadband plan pointing the the party\'s planned election strategy.</p>\r\n\r\n<p class=\"story\">The Cork TD also hit out at Sinn Fein and the DUP\'s record in Northern Ireland, telling delegates: \"The last seven years have seen a relentless decline in the political situation in Northern Ireland.\"</p>\r\n\r\n<p class=\"story\">\"Everyone knows that the core issue has been with the DUP and Sinn Fein, who ran the Executive like a closed cartel looking after their own.\" he said.</p>\r\n\r\n<p class=\"story\">\"Brexit has been devastating to politics in Northern Ireland, but the problems started long before Brexit, and they still have to be dealt with no matter what happens with Brexit.\"</p>\r\n\r\n<p class=\"story\">The party recently announced a partnership with the SDLP in Northern Ireland but stopped short of a merger and will not be running candidates in the upcoming election.</p>\r\n</div>\r\n</div>', 'FIANNA Fail leader Micheal Martin has used his Ard Fheis address to urge...', '2019-02-23', '20:30:00', 4, 7, 1),
(10, '\'Sensible\' Brexit could spark UK building rush - Kingspan boss', '\'Sensible\' Brexit could spark ...', 'Brexit could unleash pent-up projects across the UK\'s construction sector', '<div class=\"nine alpha omega marginBottom\">\r\n<p class=\"story\">An orderly Brexit could unleash pent-up projects across the UK\'s construction sector, according to Kingspan CEO Gene Murtagh.</p>\r\n\r\n<p class=\"story\">\"There\'s no question about that,\" he told the Irish Independent. \"I think that every job that\'s been postponed at the moment has only been postponed because of the lack of clarity.\"</p>\r\n</div>\r\n\r\n<div class=\"twelve alpha omega marginBottom\">\r\n<p class=\"quote\"><span class=\"quoteMarks\">\"</span>If the outcome is a sensibly negotiated solution, there\'s pent-up requirement for building that for sure is going to get kick-started. But that clearly depends on it being a sensible exit.<span class=\"quoteMarks\">\"</span><span class=\"reporter>-he added.</span></p>\r\n</div>\r\n\r\n<div class=\"twelve alpha omega\">\r\n<div class=\"nine alpha omega marginBottom\">\r\n<p class=\"story\">The UK is due to leave the European Union at the end of March.</p>\r\n<div class=\"five alpha\">\r\n\r\n<p class=\"story\">Mr Murtagh said that the number of UK office-starts will tumble 10pc this year and by a deeper level in 2020, but that the decline is cyclical rather than Brexit-related. He added that Kingspan has continued to benefit from warehouse demand driven in part by the growth of online retailing.</p>\r\n</div>\r\n\r\n<div class=\"four omega\">\r\n<p class=\"story\">Kingspan yesterday reported record revenues of almost 4.4bn euros for 2018, which was 19pc higher than in 2017 on a reported basis. On an underlying basis it was up 5pc.</p>\r\n</div>\r\n</div>\r\n</div>\r\n\r\n<div class=\"twelve alpha omega\">\r\n<div class=\"nine alpha omega marginBottom\">\r\n<p class=\"story\">The company\'s trading profit was up 18pc on a reported basis at 445.2m euros, and was 7pc higher on an underlying basis. Its earnings before interest, tax, depreciation and amortisation exceeded 500m euros for the first time. It was boosted by a strong performance in North America and good growth in mainland Europe.</p>\r\n\r\n<p class=\"story\">Mr Murtagh said Kingspan\'s performance in Ireland is robust.</p>\r\n\r\n<p class=\"story\">\"We\'re seeing plenty of demand for product, both in residential and non-residential,\" he said. \"The non-res side has been the bigger part for us and that remains very strong.\"</p>\r\n</div>\r\n</div>', 'An orderly Brexit could unleash pent-up projects across the UK\'s...', '2019-02-23', '02:30:00', 1, 8, 2),
(11, 'Should we apply for the help-to-buy scheme as it ends in December?', 'Should we apply for the help-to ...', 'Mike Knightson of KMFinancial.ie suggests reviewing your life policies and seeing if they are already Section 72 inheritance tax policies. If not, then it may be wiser to consider cancelling them as they are only adding to the tax bill on death.', '<div class=\"nine alpha omega marginBottom\">\r\n<p class=\"story\"><span class=\"verdict\">Q:</span> I\'m a 30-year-old male. I have 12,000 Euros in savings. I am a teacher in Limerick with a permanent job. I am currently earning 43,000 euros a year. I am saving 800 euros a month. I have no loans. I am renting. My girlfriend is working and renting in Dublin. She is 27 years old. She currently earns 38,000 euros, excluding an annual 2,000 euros bonus. She has 3,000 euros in savings and is saving 700 euros a month. She worked in Limerick for four years and got promoted to work in Dublin with the same company. She hopes to return to Limerick in the next year but we aren\'t sure if it will happen that soon. Should we apply for the help-to-buy scheme before it ends in December? If my girlfriend was to remain in Dublin for another few years, should I look at investing in a property that I can rent out to others?</p>\r\n\r\n<p class=\"story\"><span class=\"verdict\">A:</span> If you are both first-time buyers you can go for the help-to-buy scheme, but you need to buy within the rules of the scheme. That means finding a new-build property where it is offered and that it will be finished before the cut-off date, according to Karl Deeter of Irish Mortgage Brokers.</p>\r\n</div>\r\n\r\n<div class=\"twelve alpha omega marginBottom\">\r\n<p class=\"story\">If you are going to buy in Dublin and may move back to Limerick one day then it would make sense to ensure you buy where somebody else might rent from you. If you plan to stay in Limerick why don\'t you buy there and then do rent a room where you can get up to 14,000 euros a year tax-free?</p>\r\n\r\n<p class=\"quote\"><span class=\"quoteMarks\">\"</span>You need to make a decision if a property purchase is the right thing for you to do this year. If it is then make sure that at least one of you use the place. As you don\'t live in the same city and aren\'t married you may be best served keeping your affairs separate for now<span class=\"quoteMarks\">\"</span><span class=\"reporter\"> Mr Deeter said.</span></p>\r\n</div>\r\n\r\n<div class=\"twelve alpha omega\">\r\n<div class=\"nine alpha omega marginBottom\">\r\n<p class=\"story\"><span class=\"verdict\">Q:</span> I am going away travelling soon for five weeks. Luckily, I have a good neighbour who has agreed to check in on my home from time to time while I\'m away. But I am a bit worried about the water and pipes in the event of a cold snap. Is there anything I can do before I go to prevent freeze or thaw damage?</p>\r\n\r\n<p class=\"story\"><span class=\"verdict\">A:</span> One of the best ways to prevent damage is to make sure that your water pipes and cold-water tank in the attic are insulated with good quality lagging. This is a must, as exposed pipes are likely to freeze, according to Jonathan Hehir, managing director of Insuremyhouse.ie. He suggests checking the attic and exterior walls for any small holes or exposed points where freezing air can get through, and to insulate with some foam insulation if necessary.</p>\r\n\r\n<p class=\"story\">Before you go, it\'s a good idea to ensure that your gutters are clear of debris as this will decrease the chance of ice forming on your roof.</p>\r\n</div>\r\n</div>\r\n\r\n<div class=\"twelve alpha omega marginBottom\">\r\n<p class=\"quote\"><span class=\"quoteMarks\">\"</span>It is also wise to drain or shut off any outside plumbing fixtures, such as outdoor taps and garden hoses, to ensure they don\'t freeze.<span class=\"quoteMarks\">\"</span><span class=\"reporter\"> Mr Hehir says.</span></p>\r\n</div>\r\n\r\n<div class=\"twelve alpha omega\">\r\n<div class=\"nine alpha omega marginBottom\">\r\n<p class=\"story\"><span class=\"verdict\">Q:</span> I am a widower who has one son. I have recently been advised to consider an inheritance tax policy as I have three houses, an ARF (Approved Retirement Fund) of 400,000 euros, a couple of life policies and savings of about 200,000 euros. Financially, I know I\'m very fortunate. I sold my business some years back and invested the proceeds. My accountant has advised me that upon my death, my son would have a tax bill of around 400,000 euros on his inheritance, and has suggested taking out a Section 72 policy. Is it a sensible option?</p>\r\n\r\n<p class=\"story\"><span class=\"verdict\">A:</span> For that size of an estate there are limited options available to you, based on the information given.</p>\r\n</div>\r\n</div>\r\n\r\n<div class=\"twelve alpha omega\">\r\n<div class=\"nine alpha omega marginBottom\">\r\n<div class=\"five alpha\">\r\n<p class=\"story\">Mike Knightson of KMFinancial.ie suggests reviewing your life policies and seeing if they are already Section 72 inheritance tax policies. If not, then it may be wiser to consider cancelling them as they are only adding to the tax bill on death.</p>\r\n\r\n<p class=\"story\">A Section 72 inheritance tax policy is a Revenue-approved life insurance policy. The proceeds of this policy are tax-free when used to settle an inheritance tax bill and it is the only type of policy that can be offset against a capital acquisition (inheritance) tax liability.</p>\r\n</div>\r\n\r\n<div class=\"four omega\">\r\n<p class=\"story\">They were previously called Section 60 policies. These policies are becoming more prevalent as asset values have increased and currently there are only three companies offering them in Ireland, Royal London, Irish Life and Zurich Life. Considerations when taking one out are your health, age, premiums and cash flow, as these policies can be quite expensive.</p>\r\n</div>\r\n</div>\r\n</div>\r\n\r\n<div class=\"twelve alpha omega marginBottom\">\r\n<p class=\"quote\"><span class=\"quoteMarks\">\"</span>It might be worth looking at the Royal London policy, as it has a unique (in Ireland) benefit called Life Changes Option.<span class=\"quoteMarks\">\"</span><span class=\"reporter\"> says Mr Knightson.</span></p>\r\n</div>\r\n\r\n<div class=\"twelve alpha omega\">\r\n<div class=\"nine alpha omega marginBottom\">\r\n<p class=\"story\">One of the options on this policy is that it allows you to stop premium payments in the future and not lose all of the benefit provided by your policy after paying into it for at least 15 years. Talk to an impartial broker for advice.</p>\r\n\r\n<p class=\"story\">If you are both first-time buyers you can go for the help-to-buy scheme, but you need to buy within the rules and find a new-build property.</p>\r\n\r\n<p class=\"story\">One of the best ways to prevent damage is to make sure that your water pipes and cold-water tank in the attic are insulated.</p>\r\n</div>\r\n</div>', 'Q: I\'m a 30-year-old male. I have 12,000 Euros in savings. I am a teacher in Limerick with a permanent job...', '2019-02-23', '02:30:00', 1, 9, 6);
INSERT INTO `stories` (`id`, `mainHeadline`, `backupHeadline`, `keyInfo`, `story`, `summaryStory`, `dateWritten`, `timeWritten`, `storyTypeID`, `writterID`, `areaWritten`) VALUES
(12, 'Khloe Kardashian turns to Dublin hairdresser Andrew Fitzsimons for support in wake of Tristan Thompson split', 'Khloe Kardashian turns to Dublin hairdresser...', 'Khloe Kardashian is trying to rebuild her life after splitting with boyfriend of two years Tristan Thompson', '<div class=\"nine alpha omega marginBottom\">\r\n<p class=\"story\">As Khloe Kardashian is trying to rebuild her life after splitting with boyfriend of two years Tristan Thompson, she is turning to her most trusted confidantes, which includes her Irish hairdresser Andrew Fitzsimons.</p>\r\n</div>\r\n\r\n<div class=\"twelve alpha omega\">\r\n<div class=\"nine alpha omega marginBottom\">\r\n<div class=\"five alpha\">\r\n<p class=\"story\">The reality tv star (34) split with Thompson last week after he allegedly cheated with her sister Kylie Jenner\'s best friend Jordyn Woods and the fall-out has dominated the celebrity news cycle since. And while sources inside the Kardashian camp have come out in their droves - most of whom are #TeamKhloe - Fitzsimons, from Ballinteer, south county Dublin, hasn\'t publicly let anything slip. He has however, been showing his support to his client and friend and styled her hair in her first public appearance for a pre-arranged appearance just two days after the news broke.</p>\r\n</div>\r\n\r\n<div class=\"four omega\">\r\n<p class=\"story\">Most of his feed is dominated by his work with the famous family, but this caption, \"Biggest heart I know\" held extra meaning given that Khloe is trying to figure out her next steps as she recovers from the break-up and focuses on being a mother to 10-month-old daughter True. The Kardashians and Jenners are famously close with their \'glam squad\' and often once a creative has reached their inner circle, they never leave and enjoy all the professional and personal perks that come with working with the most photographed family in the world.</p>\r\n</div>\r\n</div>\r\n</div>\r\n\r\n<div class=\"twelve alpha omega\">\r\n<div class=\"nine alpha omega marginBottom\">\r\n<p class=\"story\">Fitzsimons styled some of the sisters for their much-hyped Calvin Klein campaign last year, he also did Kylie Jenner\'s hair for the Met Gala and her LOVE magazine cover and travels with Khloe, Kourtney and Kylie to work across their day-to-day looks alongside a handful of other hair and makeup professionals.</p>\r\n\r\n<p class=\"story\">\"Kourtney, Khloe and Kim are the most down-to-earth, sweetest people I\'ve ever met. They\'re always on time. They\'re so professional, friendly and work so hard,\" he told Independent.ie Style in 2017. \"They remember the details you told them the last time you were working with them. I\'m blessed to be working with them.\"</p>\r\n\r\n<p class=\"story\">Andrew, alongside Jen Atkin and Ariel Tejada are among those who also feature occasionally on E!\'s Keeping Up With The Kardashians.</p>\r\n\r\n<p class=\"story\">Meanwhile, Woods is reportedly \"devastated\" at being cut off by the family.</p>\r\n\r\n<p class=\"story\">\"She\'s devastated and can\'t believe how her entire world has flipped upside down so fast. Jordyn has always considered herself a member of the Kardashian-Jenner family and has tried to apologise to the family, especially Khloe and Kylie,\" a source told Entertainment Tonight. \"The family doesn\'t want anything to do with her right now as the whole incident is too fresh. No one is sure what the future holds for them having Jordyn in their life.\"</p>\r\n\r\n<p class=\"story\">It comes after a source revealed Kylie is \"very torn\" on how to handle the situation with Jordyn and Tristan as the whole family want to cut her \"off\" now.</p>\r\n</div>\r\n</div>\r\n\r\n<div class=\"twelve alpha omega marginBottom\">\r\n<p class=\"quote\"><span class=\"quoteMarks\">\"</span>The whole family is writing Jordyn off. [Kylie\'s been] in denial for days. She is very torn on how to handle the situation. Khloe is more disappointed that someone so close to their family would betray her. She can\'t believe it.<span class=\"quoteMarks\">\"</span><span class=\"reporter\"> the insider said.</span></p>\r\n</div>\r\n\r\n<div class=\"twelve alpha omega\">\r\n<div class=\"nine alpha omega marginBottom\">\r\n<p class=\"story\">Tristan was previously pictured kissing another woman when Khloe was heavily pregnant and he was expecting a child with his ex-girlfriend when they met in 2016.</p>\r\n</div>\r\n</div>\r\n', 'As Khloe Kardashian is trying to rebuild her life after splitting with boyfriend of two...', '2019-02-24', '10:51:00', 6, 10, 1),
(13, 'Notes reveal poverty War of Independence left in wake', 'Notes reveal poverty War...', 'Pensions claimed by the families of IRA Volunteers reveal the horror and poverty the War of Independence left in its wake', '<div class=\"nine alpha omega marginBottom\">\r\n<p class=\"story\">Records into pensions claimed by the families of IRA Volunteers reveal the horror and poverty the War of Independence left in its wake, as 150 historic files have been released.</p>\r\n\r\n<p class=\"story\">The documents cast further light on the IRA, a motley crew of working class men, as they developed guerilla warfare tactics against the Royal Irish Constabulary (RIC) and British soldiers.</p>\r\n\r\n<p class=\"story\">Records detail further evidence from the infamous Soloheadbeg ambush on January 21, 1919 in Co Tipperary.</p>\r\n\r\n<p class=\"story\">Two RIC officers killed that day - James McDonnell, in his 50s, from Co Mayo and Patrick O\'Connell (30) from Co Cork - are thought to be the first casualties of the War of Independence.</p>\r\n\r\n<p class=\"story\">Until recently the memory of the officers\' murders had all but been erased from history.</p>\r\n\r\n<p class=\"story\">The Tipperary Brigade, 2 Southern Division of the IRA, surrounded and killed the two officers, who\'d been escorting explosives to a quarry at Soloheadbeg. Mr McDonnell, an Irish speaker from Belmullet, was a widower with young children he left orphaned and Mr O\'Connell, from Coachford, was engaged to be married. They saw their jobs as representing their community but from an IRA recollection the men\'s lives seemed of little worth.</p>\r\n</div>\r\n\r\n<div class=\"twelve alpha omega marginBottom\">\r\n<p class=\"quote\"><span class=\"quoteMarks\">\"</span>Two policemen were shot dead, two rifles, equipment, and a quantity of explosives captured. Pat O\'Dwyer (Capt \"C\" Coy (company) and Pat McCormack (A Coy) participated with others.<span class=\"quoteMarks\">\"</span><span class=\"reporter\"> the note reads.</span></p>\r\n</div>\r\n\r\n<div class=\"twelve alpha omega\">\r\n<div class=\"nine alpha omega marginBottom\">\r\n<p class=\"story\">Meanwhile, on March 23, 1921, following information received from former IRA informer Patrick \'Cruxy\' Connor, British forces captured and killed six IRA members at Ballycannon, Clogheen, Co Cork. Pension documents filled out or recorded on behalf of the families of three of the dead volunteers, Daniel Crowley (23), Jeremiah O\'Mullane, (23) and Michael O\'Sullivan, (20) show the trauma their families suffered.</p>\r\n</div>\r\n</div>\r\n\r\n<div class=\"twelve alpha omega marginBottom\">\r\n<p class=\"quote\"><span class=\"quoteMarks\">\"</span>The remains of the deceased [Crowley] and his five comrades were conveyed in bags to Cork Barracks, due to their mutilated state.<span class=\"quoteMarks\">\"</span><span class=\"reporter\"> an application made on behalf of the young man\'s mother, Elizabeth reads.</span></p>\r\n</div>\r\n\r\n<div class=\"twelve alpha omega\">\r\n<div class=\"nine alpha omega marginBottom\">\r\n<div class=\"five alpha\">\r\n\r\n<p class=\"story\">\"They were butchered with bayonets. The body of the deceased was scarcely recognisable to his parents.</p>\r\n\r\n<p class=\"story\">Margaret O\'Sullivan wrote an extensive letter in 1932, some 11 years after her son Michael\'s death.</p>\r\n\r\n<p class=\"story\">Her handwritten letter, reveals the torment her family suffered for years after the tragedy.</p>\r\n</div>\r\n\r\n<div class=\"four omega\">\r\n\r\n<p class=\"story\">\"He was constantly on the run and finally killed along with five comrades by the Black and Tans in an outhouse of a farm at Ballycannon... at about midnight.</p>\r\n\r\n<p class=\"story\">\"My son worked as a plumber... and at Rushbrooke Dockyard, Co Cork and he usually gave me two pounds per week.</p>\r\n</div>\r\n</div>\r\n</div>\r\n\r\n<div class=\"twelve alpha omega\">\r\n<div class=\"nine alpha omega marginBottom\">\r\n<p class=\"story\">\"My house was raided on several occasions by the military, who beside breaking things, took on one occasion a one pound note, which was all the money in the house at the time.\" She said the health of her daughters was damaged by the shock of their brother\'s death and the raids.</p>\r\n</div>\r\n</div>', 'Records into pensions claimed by the families of IRA Volunteers reveal the horror...', '2019-02-23', '02:30:00', 5, 11, 7),
(14, 'Stephen Hunt: \'Victory everything for Ireland on a horrible night in Gibraltar\'', 'Stephen Hunt: \'Victory everything for Ireland on a horrible...', 'Ireland get win on a horrible night', '<div class=\"nine alpha omega marginBottom\">\r\n<p class=\"story\">Having experienced many nights like that as an Ireland player, I could almost hear the players talking as they came off the pitch last night. \"That was horrible.\"</p>\r\n\r\n<p class=\"story\">Horrible to watch, and even worse to play in. It was a horrible pitch, horrible windy conditions and, to be honest, a horrible team to play against. Because they are so bad, it actually makes them more difficult to play against. If they don\'t know what to do with the ball, how are you supposed to know what they will do?</p>\r\n\r\n<p class=\"story\">I don\'t think Ireland\'s players, their manager and his staff will have been too bothered about the performance - or the scoreline - as they headed home from Gibraltar last night.</p>\r\n</div>\r\n\r\n<div class=\"twelve alpha omega\">\r\n<div class=\"nine alpha omega marginBottom\">\r\n<div class=\"five alpha\">\r\n\r\n<p class=\"story\">All that matters is that Ireland are up and running for this European qualifying campaign with a win, against a side and on a nasty surface that is going to test all the visitors to The Rock. They will be delighted with the win and even more pleased to get back on the grass in the Aviva Stadium.</p>\r\n</div>\r\n\r\n<div class=\"four omega\">\r\n<p class=\"story\">It is easy to sit and watch an Ireland performance like that and criticise and have a go at the team and the players. There will be plenty written and discussed about the start of Mick McCarthy\'s second reign as the manager.</p>\r\n\r\n</div>\r\n</div>\r\n</div>\r\n\r\n<div class=\"twelve alpha omega\">\r\n<div class=\"nine alpha omega marginBottom\">\r\n<p class=\"story\">But I have played in games like that, on artificial pitches in particular, and they are absolutely awful. They are not just a leveller for teams like Gibraltar, they actually give them an advantage, especially in gale-force winds like last night. International football should not be played on plastic, it\'s as simple as that.</p>\r\n\r\n<p class=\"story\">Trying to keep control of a football on a 4G surface is like trying to control a sliotar thrown at you at full speed from 10 yards away. It took our lads a good half-hour to get used to the pace of the pitch and the conditions, and even then it is never easy because the ball pings everywhere and is virtually impossible to control. Gibraltar then played so deep that we couldn\'t run behind them and the ball didn\'t stop, or hold up as it would on grass.</p>\r\n\r\n<p class=\"story\">Of course Mick would have preferred an assured and comfortable start to the game, and maybe a goal to ease the nerves, but I suspect that once they arrived at the stadium yesterday afternoon, he knew what they were in for. A bloody hard 90 minutes, and so it proved.</p>\r\n\r\n<p class=\"story\">The gaffer always looks more anxious than he actually is. You could hear him barking instructions and whistling throughout the game, but he will have remained calm and, at half-time, there will have been no panic or anxiety in the dressing room. The fact that the team was back out for the second half early points to that. The instructions will have remained the same - keep playing in areas where we can get runners in and we will break them down.</p>\r\n</div>\r\n</div>\r\n\r\n<div class=\"twelve alpha omega\">\r\n<div class=\"nine alpha omega marginBottom\">\r\n<div class=\"five alpha\">\r\n<p class=\"story\">For the most part, I thought Mick had a good evening on the line, with how he set his team up and his substitutions. One thing - I thought he might have been tempted to bring on James Collins and go for a target man when he withdrew Sean Maguire. Busy and always on the edge, Maguire did well and has more minutes in his legs, which is important.</p>\r\n\r\n<p class=\"story\">After four days, the winning goal had all the hallmarks of a goal from one of Mick\'s teams. After David McGoldrick\'s wide run, he managed a good pick-out to find the midfielder running into the box - Jeff Hendrick producing a nice composed finish.</p>\r\n</div>\r\n\r\n<div class=\"four omega\">\r\n<p class=\"story\">It is always said that goalkeepers and defenders must concentrate and stay focused for 90 minutes and we certainly saw why that is so vital when Darren Randolph made his one save just after half-time.</p>\r\n\r\n<p class=\"story\">It was a spectacular stop. How he managed to keep out Roy Chipolina\'s firm header from a corner is beyond me because he must have been freezing and stiff as a board. I really could not see them scoring before or after that, so it was as important as Hendrick\'s winning goal.</p>\r\n</div>\r\n</div>\r\n</div>\r\n\r\n<div class=\"twelve alpha omega\">\r\n<div class=\"nine alpha omega marginBottom\">\r\n<p class=\"story\">Having been in a dressing room many times with Mick, I know he will have told the boys to put that game behind them and remind them that the job this week is only half-done. He knows it was not pretty and he will be happy to move on.</p>\r\n\r\n<p class=\"story\">There is plenty to work on of course but, in those conditions and on that pitch, it is hard to judge the combinations put in place, like Stevens and McClean on the left or Coleman and Doherty on the right.</p>\r\n\r\n<p class=\"story\">For the game against Georgia, on Tuesday, I think he will go 4-4-1-1 and having watched their game against Switzerland, he knows they will sit back and try catch us on the counter-attack with their two wingers and lone striker.</p>\r\n\r\n<p class=\"story\">Ireland will have to break them down, try to keep the tempo up and look for the Georgians to make mistakes. I am sure the Aviva Stadium crowd will give Mick a warm welcome back and get behind the lads, but we will all need to be patient during what could be another testing night. An edgy crowd will only lead to an edgy team.</p>\r\n</div>\r\n</div>', 'Having experienced many nights like that as an Ireland player, I could almost hear the players talking as they came off the pitch last night. \"That was horrible.\"', '2019-03-24', '15:45:00', 2, 2, 1),
(15, 'Neil Francis: \'Comfort blanket of provinces can save Ireland and our underperforming players\'', '\'Comfort blanket of provinces can save Ireland...', '\'Comfort blanket of provinces can save Ireland and our underperforming players\'', '<div class=\"nine alpha omega marginBottom\">\r\n<p class=\"story\">In 2018 Ireland won the Grand Slam, beat New Zealand and won a Test series in Australia.</p>\r\n\r\n<p class=\"story\">Leinster won the Heineken Cup and Pro14 and Blackrock College won the double at schools level. If the good Lord decided to call me up - or maybe send me down - early I wouldn\'t have had any rugby excuses to delay my departure. This was as good as it gets.</p>\r\n\r\n<p class=\"story\">Ireland came third in this year\'s Championship without even firing a shot. Wales beat Ireland easily in Cardiff and won a handy Grand Slam with a moderately talented but well-motivated side.</p>\r\n</div>\r\n\r\n<div class=\"twelve alpha omega\">\r\n<div class=\"nine alpha omega marginBottom\">\r\n<div class=\"five alpha\">\r\n<p class=\"story\">There is always joy when you win something as prestigious as a Grand Slam but the succinctness and edginess of the Welsh performance told you that they now prefer beating us to beating England on the way to the big prize - they do like to stuff it to us. It added to the sour and congested mood of the country the day after.</p>\r\n</div>\r\n\r\n<div class=\"four omega\">\r\n<p class=\"story\">This is not the time for 2019 to turn into a really bad year. What\'s coming next? Saracens to win the Heineken Cup? Maybe Scarlets and Cardiff, emboldened by their Grand Slam success, will zoom up the table and qualify to play each other in the PRO14 final after beating Leinster and Munster en route.</p>\r\n</div>\r\n</div>\r\n</div>\r\n\r\n<div class=\"twelve alpha omega\">\r\n<div class=\"nine alpha omega marginBottom\">\r\n<p class=\"story\">No, I think the comfort blanket of the provinces can and will save Ireland and its underperforming players.</p>\r\n\r\n<p class=\"story\">I am always fascinated by this \'try-too-hard syndrome\' that gets trotted out on a regular basis. It didn\'t look to me as if Ireland were trying too hard in Cardiff. The foundation stone of Joe Schmidt\'s sides has been work ethic and intelligent effort. Ireland\'s effort lacked intelligence, it was clouded by a little bit of performance anxiety and maybe they were guilty of overthinking things a bit as well.</p>\r\n\r\n<p class=\"story\">Would it be fair to say that Ireland have a dose of the yips at the moment? Normally Ireland are pretty good tee to green but they really did look jumpy on the greens (inside the 22).</p>\r\n\r\n<p class=\"story\">How many chances did they butcher in the red zone in the 2019 Championship? Everything that is required to get over the line was missing: the ability to take contact on your own terms near the line, passing and retaining under pressure, the ability to think clearly and coolly when there is live ammunition being used and the champions\' instinct of taking your chances. Ireland did not possess all of the above when they got into try-scoring positions.</p>\r\n\r\n<p class=\"story\">Where does the performance anxiety come from? We don\'t know. We wait for one of the players to break ranks and tell us all that Joe has lost the dressing room or he shouldn\'t have told us he was leaving. I don\'t think so.</p>\r\n</div>\r\n</div>\r\n\r\n<div class=\"twelve alpha omega\">\r\n<div class=\"nine alpha omega marginBottom\">\r\n<div class=\"five alpha\">\r\n<p class=\"story\">Let\'s go into the realms of \'what if.\' Over the last two years I have watched our two halves play at a level that was sublime. In all the big matches Sexton and Murray played, they won them through their big-game temperament, cold-blooded precision and sheer force of personality. They had exemplar skill levels and always seemed to do the right things at the right time. There was a little bit of ying and yang too as they complemented each other\'s personalities.</p>\r\n</div>\r\n\r\n<div class=\"four omega\">\r\n<p class=\"story\">If our halves had played to the levels we know they are capable of, Ireland may have won another Championship. If they had executed the game-plan as efficiently as we know they can, that would have had the knock-on effect of bringing everyone else who happened to be playing badly along with them. Remember Ireland had better field position and territory in every game they played - even in the Welsh game. Ireland owned the ball for 88 per cent of the first half against France.</p>\r\n</div>\r\n</div>\r\n</div>\r\n\r\n<div class=\"twelve alpha omega\">\r\n<div class=\"nine alpha omega marginBottom\">\r\n<p class=\"story\">It is a simple game folks - if your halves are on their game, then with field position and possession they should press home that advantage.</p>\r\n\r\n<p class=\"story\">Our halves though had the yips. How can you explain the breakdown in their skill levels? How does the best box-kicker in the world suddenly become distinctly average in this phase to the point that he is just kicking the ball away?</p>\r\n</div>\r\n</div>\r\n\r\n<div class=\"twelve alpha omega\">\r\n<div class=\"nine alpha omega marginBottom\">\r\n<div class=\"five alpha\">\r\n<p class=\"story\">The fall-off in Sexton\'s skill-set was even more alarming. Think of those kick-offs. Were they aimless or just badly kicked? Some of the tactical kicking was poorly reasoned and thoughtless. How can a player of such quality kick with such diffidence when he could do it in his sleep?</p>\r\n</div>\r\n\r\n<div class=\"four omega\">\r\n<p class=\"story\">Place and positioning of the ball is one thing but the actual kicking style was off. The contact with the ball was far from sweet. Sexton knows where to place the ball and how to deliver it to that place but it just didn\'t happen in the Championship. How many 10-foot putts did Sexton miss?</p>\r\n</div>\r\n</div>\r\n</div>\r\n\r\n<div class=\"twelve alpha omega\">\r\n<div class=\"nine alpha omega marginBottom\">\r\n<p class=\"story\">If Ireland had gone 42 phases at the end of the England or Welsh games what were the odds on him getting the match-winner like he did in Paris last year?</p>\r\n\r\n<p class=\"story\">The underperformance was compounded by Sexton\'s demeanour - maybe he did miss the angry teenager phase! You can understand why he does what he does. Quite often it is in the sinews of his will that his great performances are fashioned.</p>\r\n\r\n<p class=\"story\">We need a firewall. So the provinces need to cultivate a recovery for Sexton and Murray, let them throttle back and be themselves again. Leinster\'s style will suit Sexton as Munster\'s will suit Murray.</p>\r\n\r\n<p class=\"story\">The provinces will be the perfect pasture for our 9 and 10 to learn how to enjoy playing rugby again. Great players have the composure to recover themselves. In your own good time lads.</p>\r\n</div>\r\n</div>', 'In 2018 Ireland won the Grand Slam, beat New Zealand and won a Test series in Australia.', '2019-03-24', '18:00:00', 2, 4, 1),
(16, 'Stephen Hunt: \'Solskjaer\'s secret was to back his players to deliver on his tactics\'', 'Stephen Hunt: \'Solskjaer\'s secret was to...', 'Solskjaer\'s secret was to back his players to deliver on his tactics', '<div class=\"nine alpha omega marginBottom\">\r\n<p class=\"story\">It is only a matter of time before Manchester United announce Ole Gunnar Solskjaer as their new full-time manager. I think a deal was already in place and agreed before the stunning Champions League win in Paris but that incredible result will have confirmed it\'s the right decision.</p>\r\n\r\n<p class=\"story\">Solskjaer deserves the job. From the day he took the role he has said and done all the right things, allowed his players to play with freedom while underlining the importance to them of playing \'the Manchester United way\'.</p>\r\n\r\n<p class=\"story\">Whatever he has brought, it has clearly worked, demonstrated by the amazing scenes in Paris on Wednesday. What a game. What a performance. What a manager. He is like a mini Alex Ferguson, saying and doing all the things like the great man.</p>\r\n</div>\r\n\r\n<div class=\"twelve alpha omega\">\r\n<div class=\"nine alpha omega marginBottom\">\r\n<div class=\"five alpha\">\r\n<p class=\"story\">The biggest factor in United\'s favour on the night was the tactical bravery Solskjaer showed. Firstly, by using 4-4-2 from the start, which in the world of football these days means you are prepared to concede possession and not dominate the midfield. Solskjaer knew he could back his players in the two banks of four to be regimental and solid, while telling the front two to go out and get the goals.</p>\r\n\r\n<p class=\"story\">It will have been a case of Solskjaer saying in the dressing room before the game, \'right lads, you four and you four do the donkey work in midfield and defence and those two will win the game for us. We will wait and pounce on their mistakes because PSG will make mistakes and give you chances.\'</p>\r\n</div>\r\n\r\n<div class=\"four omega\">\r\n<p class=\"story\">Then, to go 5-4-1 after the second goal, and for the team to buy into it and sit back until the last 10 minutes to then go out and win the game was another brave move. I am sure there were coaches throughout the world watching the game full of admiration for his approach and the changes he dared to make throughout. Many of them will have been thinking: \'I can see what you\'re trying to do there, and I like it, but there is no way I\'d be prepared to risk it.\' Fortunately for Manchester United, Solskjaer was prepared to gamble, and it certainly paid off.</p>\r\n</div>\r\n</div>\r\n</div>\r\n\r\n<div class=\"twelve alpha omega\">\r\n<div class=\"nine alpha omega marginBottom\">\r\n<p class=\"story\">The transformation in certain United players under Solskjaer is incredible, but in the case of Romelu Lukaku, it has taken time. The Belgian striker dropped it into his post-match interviews that, when he took over, Solskjaer came up with a plan to get the best out of him. It needed something. After the World Cup, I said that I didn\'t think Lukaku was sharp enough and quick enough compared to the player who was burning down the wings in Russia.</p>\r\n\r\n<p class=\"story\">He turned back into that beast in the French capital on Wednesday night. Lukaku is all about pace, power and physicality, but Jose Mourinho wanted to turn him into Didier Drogba. That was never going to come off because Lukaku will never have the same attributes and strengths as the former Chelsea striker. His biggest asset is his pace, which is why the majority of his goals at Everton came from simply running through on goal.</p>\r\n\r\n<p class=\"story\">After the game, Lukaku admitted it had taken three or four weeks of work on his finishing and movement to get back to the levels he had reached in the summer, but he had stuck to and understood Solskjaer\'s plan.</p>\r\n</div>\r\n</div>\r\n\r\n<div class=\"twelve alpha omega\">\r\n<div class=\"nine alpha omega marginBottom\">\r\n<div class=\"five alpha\">\r\n<p class=\"story\">I don\'t think Mourinho was fully focused on the job and on the football when he went to Manchester United. There were too many distractions and bits and pieces off the pitch which he became embroiled in and I think he struggled to move north from London.</p>\r\n</div>\r\n\r\n<div class=\"four omega\">\r\n<p class=\"story\">The positive impact Solskjaer has had is in marked contrast to Unai Emery\'s first season at Arsenal. Have Arsenal improved since they delivered most fans\' wishes and got rid of Arsene Wenger? No, I don\'t think so.</p>\r\n</div>\r\n</div>\r\n</div>\r\n\r\n<div class=\"twelve alpha omega\">\r\n<div class=\"nine alpha omega marginBottom\">\r\n<p class=\"story\">They are still in the Europa League (just), still challenging for the top four, but they would have expected that at least under Wenger.</p>\r\n\r\n<p class=\"story\">Emery has still not found the right formula and bringing back Mesut Ozil says it all. He is searching for his best team, and I suspect his best team would include Aaron Ramsey, but he has been allowed to leave on a free transfer this summer. That is a really sad situation for Arsenal, and it must be especially galling to the club and the supporters to lose a player like Ramsey to a club like Juventus.</p>\r\n\r\n<p class=\"story\">The good news for the Premier League is that all the top six are still in Europe, ahead of Liverpool and Manchester City playing their Champions League second-leg ties this week. It is going to be a tough one for Jurgen Klopp going to Bayern Munich after the goalless draw at Anfield, but it would be great to see them survive.</p>\r\n\r\n<p class=\"story\">You could see any one of the four English clubs winning the Champions League, and Chelsea and Arsenal challenging all the way for the Europa League. Perhaps that shows that the Premier League really is as strong as the world viewing figures suggest.</p>\r\n</div>\r\n</div>', 'It is only a matter of time before Manchester United announce Ole Gunnar Solskjaer as their new full-time manager.', '2019-03-10', '13:30:00', 2, 2, 2),
(17, 'UK heads for \'blind Brexit\' as May tries once again to get deal through', 'UK heads for \'blind Brexit\'...', 'The vote would qualify the UK to be granted an automatic delay until this date', '<div class=\"nine alpha omega marginBottom\">\r\n<p class=\"story\">British Prime Minister Theresa May will today find out if her withdrawal deal has any hope of survival despite accusations she is leading Britain towards a \"blind Brexit\".</p>\r\n\r\n<p class=\"story\">On the day Britain was meant to leave the EU, 1,009 days after the referendum, her Brexit vision will stand or fall on a plan put together over the course of eight frantic hours yesterday.</p>\r\n\r\n<p class=\"story\">She will bring a fresh Brexit motion to the House of Commons as part of her bid to get approval for the Withdrawal Agreement.</p>\r\n\r\n<p class=\"story\">Commons Speaker John Bercow cleared the motion for debate, ruling that it complies with parliamentary conventions which bar ministers from asking MPs to vote repeatedly on the same proposals.</p>\r\n\r\n<p class=\"story\">If passed by MPs today, the vote would qualify the UK to be granted an automatic delay to May 22 of the formal date of Brexit.</p>\r\n\r\n<p class=\"story\">However, the vote is likely to fail as the DUP continues to oppose the agreement on the basis that it includes the Irish backstop.</p>\r\n\r\n<p class=\"story\">Labour has already declared it will not back the Government today, warning that it risked \"the blindest of all blind Brexits\".</p>\r\n</div>\r\n\r\n<div class=\"twelve alpha omega\">\r\n<div class=\"nine alpha omega marginBottom\">\r\n<div class=\"five alpha\">\r\n<p class=\"story\">Mrs May must convince around 50 Tory rebels to change their minds to stand any chance of winning. Boris Johnson, one of the former rebels, now says he will back the deal - but has told friends the deal is \"dead anyway\".</p>\r\n</div>\r\n\r\n<div class=\"four omega\">\r\n<p class=\"story\">Amid further wrangling in London, the vote is not actually a so-called \'meaningful vote\' but should either open the door to Mrs May ultimately getting her deal approved or kill it completely.</p>\r\n</div>\r\n</div>\r\n</div>\r\n\r\n<div class=\"twelve alpha omega marginBottom\">\r\n<p class=\"story\">House of Commons leader Andrea Leadsom said the motion was about giving parliament \"the opportunity\" to secure a Brexit extension until May 22, \"giving people and businesses the certainty they need\".</p>\r\n\r\n<p class=\"story\">Labour\'s Brexit spokesman Keir Starmer said the motion being tabled, which omits the political declaration on the next stage of the negotiations, leaves the format for a future trade relationship in the hands of May\'s successor. That is very likely to be someone from the hard-line pro-Brexit wing of the Conservative Party.</p>\r\n\r\n<p class=\"quote\"><span class=\"quoteMarks\">\"</span>Leaving the EU with absolutely no idea where we\'re heading<span class=\"quoteMarks\">\"</span><span class=\"reporter\">-Mr Starmer said.</span></p>\r\n</div>\r\n\r\n<div class=\"twelve alpha omega\">\r\n<div class=\"nine alpha omega marginBottom\">\r\n<p class=\"story\">The British government\'s move will allow Mrs May to present it as a choice between a short delay to Brexit and the potential for a much longer postponement which would mean taking part in European elections.</p>\r\n\r\n<p class=\"story\">But it would not allow parliament to go ahead and ratify the withdrawal deal.</p>\r\n\r\n<p class=\"story\">Brexit legislation allows this only after the passage of a \'meaningful vote\' on both the Withdrawal Agreement and a Political Declaration on the future relationship.</p>\r\n\r\n<p class=\"story\">Downing Street has said that Mrs May will not move to a third meaningful vote - known in Westminster as MV3 - unless she believes she has a realistic chance of success, having seen it defeated by 230 votes in January and 149 in March.</p>\r\n\r\n<p class=\"story\">But it is understood that Number 10 believes that passing the Withdrawal Agreement alone would allow the UK to guarantee its departure date and avoid the need for Britain to take part in European Parliament elections on May 23-26.</p>\r\n</div>\r\n</div>\r\n\r\n<div class=\"twelve alpha omega\">\r\n<div class=\"nine alpha omega marginBottom\">\r\n<div class=\"five alpha\">\r\n<p class=\"story\">This would buy time to seek wider agreement among MPs on the shape of the UK\'s future relationship with the EU, in the hope of passing MV3 in April and leaving with a deal on May 22.</p>\r\n\r\n<p class=\"story\">Significant doubts remain over whether Mrs May can secure a majority for the Withdrawal Agreement alone in today\'s vote.</p>\r\n</div>\r\n\r\n<div class=\"four omega\">\r\n<p class=\"story\">The agreement includes the controversial \"backstop\" customs arrangements for the Border between the Republic and Northern Ireland.</p>\r\n\r\n<p class=\"story\">This continues to represent the biggest obstacle to support from the DUP and Brexit-backing Tories in the European Research Group.</p>\r\n</div>\r\n</div>\r\n</div>\r\n\r\n<div class=\"twelve alpha omega\">\r\n<div class=\"nine alpha omega marginBottom\">\r\n<p class=\"story\">While keen to avoid any Border checks, the DUP has made clear this must not come at the price of erecting new barriers in the Irish Sea.</p>\r\n\r\n<p class=\"story\">Labour leader Jeremy Corbyn spoke to Mrs May by telephone for 20 minutes about the situation yesterday, and said his MPs would not back the Government move.</p>\r\n\r\n<p class=\"story\">If the motion fails, the UK will have until April 12 to ask for a further extension to Brexit negotiations - or leave the EU without a deal.</p>\r\n</div>\r\n</div>', 'She will bring a fresh Brexit motion to the House of Commons as part of her bid to get approval for the Withdrawal Agreement.', '2019-03-29', '02:30:00', 1, 1, 2),
(18, 'No solution yet to \'big problem\' of animals, food crossing Border', 'No solution yet to \'big problem\' of animals...', '\'Max fac\' system looked at by EU to track goods, but won\'t work for agri-food sector', '<div class=\"nine alpha omega marginBottom\">\r\n<p class=\"story\">The continued movement of animals across the Irish Border is the biggest area of concern for the EU ahead of a no-deal scenario.</p>\r\n\r\n<p class=\"story\">Officials believe that arrangements can be put in place for tracking ordinary goods brought into the Republic from Northern Ireland to help avoid a hard Border.</p>\r\n\r\n<p class=\"story\">Sources say EU agencies are looking at a version of \'maximum facilitation\', which was once derided by the Irish Government and EU as \"magical thinking\".</p>\r\n\r\n<p class=\"story\">The \'max fac\' system involves the use of technology to electronically track goods belonging to \'trusted traders\' crossing the Border.</p>\r\n\r\n<p class=\"story\">However, it will not resolve the question of how to monitor livestock and food produce moving between the two jurisdictions. The all-island economy is hugely reliant on the ability of farmers to transport animals and products, including milk, without interruption.</p>\r\n\r\n<p class=\"story\">However, the only way of avoiding some form of border checks for the agri-food sector will be if Northern Ireland continues to operate under EU rules.</p>\r\n</div>\r\n\r\n<div class=\"twelve alpha omega marginBottom\">\r\n<p class=\"quote\"><span class=\"quoteMarks\">\"</span>Customs is the one area where max fac could actually work - but the big problem is animals. Agriculture is the trickiest part and there\'s no solution at the minute except the backstop.<span class=\"quoteMarks\">\"</span><span class=\"reporter\"> said a source familiar with the no-deal preparations in Brussels.</span></p>\r\n</div>\r\n\r\n<div class=\"twelve alpha omega\">\r\n<div class=\"nine alpha omega marginBottom\">\r\n<div class=\"five alpha\">\r\n<p class=\"story\">The Irish Farmers\' Association says thousands of animals and huge volumes of agriculture produce, worth more than 2bn euros, move over and back across the Border for processing every year. Ministers discussed the impact of Brexit on agriculture at yesterday\'s Cabinet meeting.</p>\r\n\r\n<p class=\"story\">Factory prices remain unchanged for the majority of farmers and feeders, with heifers on a 3.85 euros/kg base and bullocks on 3.75 euros/kg.</p>\r\n</div>\r\n\r\n<div class=\"four omega\">\r\n<p class=\"story\">Talks have already taken place with the EU about emergency funding for the sector, but an amount has not yet been agreed. The Cabinet was told that no-deal preparations must now be the \"absolute priority\" for all departments.</p>\r\n\r\n<p class=\"story\">In the Dail, Taoiseach Leo Varadkar accused Opposition politicians of engaging in \"conspiracy theories\" when they questioned the detail of these engagements.</p>\r\n</div>\r\n</div>\r\n</div>\r\n\r\n<div class=\"twelve alpha omega\">\r\n<div class=\"nine alpha omega marginBottom\">\r\n<p class=\"story\">Mr Varadkar confirmed talks have taken place with the EC but said \"nobody knows for sure what would happen\" in a no-deal scenario.</p>\r\n</div>\r\n</div>\r\n\r\n<div class=\"twelve alpha omega marginBottom\">\r\n<p class=\"quote\"><span class=\"quoteMarks\">\"</span>I can say that we have made no preparations for a hard Border between Northern Ireland and Ireland, and no preparations for physical infrastructure, checks or customs controls between Northern Ireland and Ireland. Even in the event of no deal, we believe the United Kingdom continues to have obligations under the Good Friday Agreement.<span class=\"quoteMarks\">\"</span><span class=\"reporter\">-Mr Varadkar said.</span></p>\r\n</div>\r\n\r\n<div class=\"twelve alpha omega\">\r\n<div class=\"nine alpha omega marginBottom\">\r\n<p class=\"story\">Fianna Fail leader Micheal Martin said that in spite of \"months of denials\" it now seems there have been \"very substantial discussions\" with the EU on how cross-Border trade will be handled in the event of a no-deal situation.</p>\r\n\r\n<p class=\"story\">He noted that Transport Minister Shane Ross was previously caught on tape being \"slapped down\" by Tanaiste Simon Coveney for saying plans were being drawn up for Border checks.</p>\r\n\r\n<p class=\"story\">Meanwhile, Sinn Fein\'s Mary Lou McDonald has said the erection of a hard Border after Brexit is not an excuse for people \"to take up arms\".</p>\r\n\r\n<p class=\"story\">Ms McDonald was asked about recent letter bombs sent to a number of transport hubs in London. Gardai and UK authorities have linked the packages to dissident republicans.</p>\r\n\r\n<p class=\"story\">The Sinn Fein leader said there are \"no circumstances, no excuses, no scenario in which anybody would have a justifiable cause to take up arms\". She said people on this island have \"embraced a new reality of relative stability\".</p>\r\n</div>\r\n</div>', 'The continued movement of animals across the Irish Border is the biggest area of concern for the EU ahead of a no-deal scenario.', '2019-03-27', '07:36:00', 4, 1, 1),
(19, 'McAleese: It\'s a chance to reframe debate on Irish unity', 'McAleese: It\'s a chance to reframe debate...', 'Former President Mary McAleese has said Brexit has provided an unexpected opportunity.', '<div class=\"nine alpha omega marginBottom\">\r\n<p class=\"story\">Former President Mary McAleese has said Brexit has provided an unexpected opportunity to reframe the debate on Irish unity.</p>\r\n</div>\r\n\r\n<div class=\"twelve alpha omega\">\r\n<div class=\"nine alpha omega marginBottom\">\r\n<div class=\"five alpha\">\r\n<p class=\"story\">In a wide-ranging contribution on Brexit and the political paralysis that has taken hold in Westminster, Ms McAleese compared the current situation to a type of political flesh-eating disease. But there is an opportunity for the unity debate to move to a healthier place, according to the respected former President.</p>\r\n</div>\r\n\r\n<div class=\"four omega\">\r\n<p class=\"story\">She paid tribute to former Taoiseach Enda Kenny\'s securing of an agreement among European leaders that dictates that post-Brexit, should partition end, Northern Ireland will be able to be seamlessly re-enveloped into the EU.</p>\r\n</div>\r\n</div>\r\n</div>\r\n\r\n<div class=\"twelve alpha omega marginBottom\">\r\n<p class=\"quote\"><span class=\"quoteMarks\">\"</span>Now what you are offering people is not - as some people fear - absorption into the Republic where people will be preening themselves because now past injustices have been righted, but rather what you will be offering people is the prospect of this wonderful new democracy within the EU, fresh and different and reconciling of all identities, something really qualitatively different.<span class=\"quoteMarks\">\"</span><span class=\"reporter\"> she said.</span></p>\r\n</div>\r\n\r\n<div class=\"twelve alpha omega marginBottom\">\r\n<p class=\"quote\"><span class=\"quoteMarks\">\"</span>It\'s what many of us have always wanted to construct but actually Brexit has given us a tool that we never really expected to have - and we should use that very wisely.<span class=\"quoteMarks\">\"</span></p>\r\n</div>\r\n\r\n<div class=\"twelve alpha omega\">\r\n<div class=\"nine alpha omega marginBottom\">\r\n<p class=\"story\">She also sounded a warning that people must learn from the \"sobering\" lesson Brexit has taught about the need to prepare the ground for radical Constitutional reform. In a pithy assessment of the current state of play, Ms McAleese said the title of her keynote address to the DCU\'s Brexit Institute was \'Haven\'t a clue\'.</p>\r\n</div>\r\n</div>', 'In a wide-ranging contribution on Brexit and the political paralysis that has taken hold in Westminster,...', '2019-03-30', '02:30:00', 4, 7, 6),
(20, 'Taxpayers fork out 19,000 Euros for Taoiseach\'s two days at Davos', 'Taxpayers fork out 19,000 Euros for Taoiseach\'s...', 'The Taoiseach\'s trip to this year\'s elite Davos forum in the Swiss Alps cost taxpayers almost 19,000 euros.', '<div class=\"nine alpha omega marginBottom\">\r\n<p class=\"story\">The Taoiseach\'s trip to this year\'s elite Davos forum in the Swiss Alps cost taxpayers almost 19,000 Euros.</p>\r\n\r\n<p class=\"story\">Taoiseach Leo Varadkar, Finance Minister Paschal Donohoe and six aides attended the World Economic Forum for two days in January.</p>\r\n</div>\r\n\r\n<div class=\"twelve alpha omega\">\r\n<div class=\"nine alpha omega marginBottom\">\r\n<div class=\"five alpha\">\r\n<p class=\"story\">The event - which gathers millionaires and world leaders - drew ire from some over its well-heeled attendees using private jets to converge on the town to discuss climate change.</p>\r\n\r\n<p class=\"story\">The Government used the Government jet at a cost of some 16,065 euros to bring the Fine Gael leader, the minister and six others to and from Switzerland.</p>\r\n</div>\r\n\r\n<div class=\"four omega\">\r\n<p class=\"story\">Mr Varadkar also availed of a 700 euros-a-night hotel room to attend Davos.</p>\r\n\r\n<p class=\"story\">Both he and his chief of staff had rooms in the four-star Sporthotel for two nights, which cost a total of 2,455 euros, with the Fine Gael leader\'s room costing 320 euros more than his aide.</p>\r\n</div>\r\n</div>\r\n</div>\r\n\r\n<div class=\"twelve alpha omega\">\r\n<div class=\"nine alpha omega marginBottom\">\r\n<p class=\"story\">The latest travel records published by the Government show that the delegation also paid 271 euros for a briefing room in the same hotel during the January event.</p>\r\n\r\n<p class=\"story\">A spokesman for the Taoiseach\'s department said costs were in line with last year\'s event and said it is not possible to book rooms independently of the forum.</p>\r\n</div>\r\n</div>\r\n\r\n<div class=\"twelve alpha omega marginBottom\">\r\n<p class=\"quote\"><span class=\"quoteMarks\">\"</span>The price of these rooms was set by the provider and reflect demand for accommodation in Davos during the World Economic Forum.<span class=\"quoteMarks\">\"</span><span class=\"reporter\"> he said.</span></p>\r\n</div>', 'Taoiseach Leo Varadkar, Finance Minister Paschal Donohoe and six aides attended...', '2019-03-30', '02:30:00', 4, 7, 1),
(21, 'Kate Middleton mixes high-low fashion for active afternoon with the Scouts', 'Kate Middleton mixes high-low fashion...', 'Kate Middleton has mastered the art of balancing high-low fashion at official engagements.', '<div class=\"nine alpha omega marginBottom\">\r\n<p class=\"story\">Kate Middleton has mastered the art of balancing high-low fashion at official engagements.</p>\r\n\r\n<p class=\"story\">Britain\'s Duchess of Cambridge\'s love of recycling has been well documented over the years, setting the tone for more affordable fashion among the senior royals and she showcased her seemingly effortless approach to dressing for an active day at the Scouts\' headquarters today. The mother-of-three was the guest of honour in Essex to learn about the organisation\'s future plans, including encouraging children as young as four to join; which meant she was hands-on with the children and appropriately dressed for the occasion.</p>\r\n</div>\r\n\r\n<div class=\"twelve alpha omega\">\r\n<div class=\"nine alpha omega marginBottom\">\r\n<div class=\"five alpha\">\r\n<p class=\"story\">She arrived in a pair of black skinny jeans, a round neck jumper by J.Crew, which retails for 99 euros, her trusty Barbour wax jacket, preferred among the her aristocratic country social set (175 euros) and a pair of Chloe liegi suede ankle boots, which cost 269 euros.</p>\r\n</div>\r\n\r\n<div class=\"four omega\">\r\n<p class=\"story\">Throughout the day, she participated in activities like boat building and balloon rocket assembling at Gilwell Park in Essex, which is home to Scouting.</p>\r\n</div>\r\n</div>\r\n</div>\r\n\r\n<div class=\"twelve alpha omega\">\r\n<div class=\"nine alpha omega marginBottom\">\r\n<p class=\"story\">The pilot scheme for the new younger Scout section was announced late last year, with 20 locations across England to take part initially.</p>\r\n\r\n<p class=\"story\">Scouting currently reaches 473,000 young people between the ages of six and 25 in the UK.</p>\r\n\r\n<p class=\"story\">Gilwell Park includes a Scout campsite and adventure centre, and welcomes thousands of Scouts, schools and youth groups each year.</p>\r\n\r\n<p class=\"story\">Kate will plant an oak sapling to mark the 100th anniversary of the site on her visit.</p>\r\n\r\n<p class=\"story\">The Scout movement was founded in 1907 by Robert Baden-Powell.</p>\r\n</div>\r\n</div>\r\n', 'Britain\'s Duchess of Cambridge\'s love of recycling has been well documented over the years,...', '2019-03-28', '13:52:00', 6, 10, 1);
INSERT INTO `stories` (`id`, `mainHeadline`, `backupHeadline`, `keyInfo`, `story`, `summaryStory`, `dateWritten`, `timeWritten`, `storyTypeID`, `writterID`, `areaWritten`) VALUES
(22, 'The secrets behind Jennifer Zamparelli\'s flawless DWTS wardrobe', 'The secrets behind Jennifer Zamparelli\'s...', 'One consistency throughout Dancing with the Stars has been Jennifer Zamparelli\'s flawless onscreen wardrobe.', '<div class=\"nine alpha omega marginBottom\">\r\n<p class=\"story\">It\'s been three months of sweat, sequins and some very questionable dancing; but one consistency throughout Dancing with the Stars has been Jennifer Zamparelli\'s flawless onscreen wardrobe.</p>\r\n</div>\r\n\r\n<div class=\"twelve alpha omega\">\r\n<div class=\"nine alpha omega marginBottom\">\r\n<div class=\"five alpha\">\r\n<p class=\"story\">A long-established star of television and radio, Jennifer\'s personal style is usually a mix of low-key denim looks sprinkled with Irish designers on the red carpet, but for her hosting duties, she has embraced a more balanced look, thanks to the help of stylist Clementine MacNiece. MacNiece has been working on the show, which films weekly at Ardmore Studios, since its first season, and has become an influencer all her own thanks to her behind the scenes insight into what it takes to put together looks for one of the most watched programmes on Irish television.</p>\r\n</div>\r\n\r\n<div class=\"four omega\">\r\n<p class=\"story\">Week after week, she put together options ranging from River Island mini-dresses to tiered dresses from Debenhams, each more captivating than the last. The collaboration between the two dates back to November, after Jen was confirmed as the replacement for Amanda Byram for the coveted hosting gig, and she and Clementine began the lengthy process of understanding each other\'s creative style.</p>\r\n</div>\r\n</div>\r\n</div>\r\n\r\n<div class=\"twelve alpha omega marginBottom\">\r\n<p class=\"quote\"><span class=\"quoteMarks\">\"</span>I\'d never met Jen before, but of course I knew her. We met around November/December to have a quick chat of what she and I had in mind. After that, I went off and pulled about 40 outfits, then we had a huge try on session in December and I got a feel what she liked for the show.<span class=\"quoteMarks\">\"</span><span class=\"reporter\"> -Clementine told Independent.ie Style.</span></p>\r\n</div>\r\n\r\n<div class=\"twelve alpha omega marginBottom\">\r\n<p class=\"quote\"><span class=\"quoteMarks\">\"</span>What\'s amazing with Jen is she\'s very open and willing to try everything, which is lovely in a person. She\'s willing to take a risk and step out of comfort zone. She\'s a breath of fresh air, which made it a very enjoyable process.<span class=\"quoteMarks\">\"</span>\r\n</div>\r\n\r\n<div class=\"twelve alpha omega\">\r\n<div class=\"nine alpha omega marginBottom\">\r\n<p class=\"story\">Most notably, nearly of all the pieces she wore on Sunday nights were available from online retailers or high street stores at budget friendly prices, something carefully considered during the styling process.</p>\r\n\r\n<p class=\"story\">\"I think it\'s nice to have something accessible, so people sitting at home and watching the show can say, \'I love this\' and go onto ASOS to find it.</p>\r\n</div>\r\n</div>\r\n\r\n<div class=\"twelve alpha omega marginBottom\">\r\n<p class=\"quote\"><span class=\"quoteMarks\">\"</span>If you look at Strictly, Claudia Winkleman rocks loads of high street and affordable high end like Rixo London, which is something we were conscious about. There were some designer pieces in there - we did a Preen dress one night, but it was from the Designer Room in Dublin. So, yes, it was designer, but it was from a rental store.<span class=\"quoteMarks\">\"</span></p>\r\n</div>\r\n\r\n<div class=\"twelve alpha omega\">\r\n<div class=\"nine alpha omega marginBottom\">\r\n<p class=\"story\">While Winkleman and her co-host Tess Daly take to the stage every Sunday in the BBC version of the show, Jennifer\'s outfit had to complement her co-host Nicky Byrne\'s choice of suiting.</p>\r\n</div>\r\n</div>\r\n\r\n<div class=\"twelve alpha omega marginBottom\">\r\n<p class=\"quote\"><span class=\"quoteMarks\">\"</span>With Nicky, it was about finding cool tuxedo looks and again, a lot of it was high street like Marks & Spencer. The key with him is tailoring. We had everything tailored to make it look more polished. A big part to make sure they matched each other. Sometimes we\'d have to change Nicky to fit with Jen\'s dress and vice versa.<span class=\"quoteMarks\">\"</span></p>\r\n</div>\r\n\r\n<div class=\"twelve alpha omega\">\r\n<div class=\"nine alpha omega marginBottom\">\r\n<p class=\"story\">MacNiece also worked with judges Julian Benson, regularly commissioning Irish designer Claire Garvey, who also works with Nile Rodgers, for his colourful blazers, Brian Redmond\'s \"dapper\" tuxedos and Lorraine Barry dressed herself.</p>\r\n</div>\r\n</div>', 'A long-established star of television and radio, Jennifer\'s personal style is usually a mix...', '2019-03-25', '13:49:00', 6, 10, 1),
(23, 'Author secures film rights for extraordinary book about Irish nun who fled convent in her nightdress', 'Author secures film rights for extraordinary book...', 'Co Down woman Maureen McKeown\'s book about her great aunt Brigid who escaped from an Australian convent is being made into a film', '<div class=\"nine alpha omega marginBottom\">\r\n<p class=\"story\">WHEN a young Irish nun fled her convent one foggy night barefoot and dressed only in her nightgown, she could not have known that she was about to spark a deep sectarian war.</p>\r\n\r\n<p class=\"story\">Nor could the escapee, Brigid Partridge, have known that 100 years later her grand niece Maureen McKeown would be so inspired by her story and would ensure that her extraordinary life would never be forgotten.</p>\r\n\r\n<p class=\"story\">Maureen\'s book \'The Extraordinary Case of Sister Liguori\', has just secured film rights to be made into a movie, catapulting her aunt\'s story to the world stage.</p>\r\n\r\n<p class=\"story\">Set in the backdrop of the smouldering mistrust between Catholics and Protestants in Australia, Maureen tells the story of how young Brigid moved from Co Kildare at the age of 17 in the early 1900s and became a teaching nun for the Sisters of the Presentation of the Blessed Virgin Mary in Wagga Wagga, New South Wales.</p>\r\n</div>\r\n\r\n<div class=\"twelve alpha omega\">\r\n<div class=\"nine alpha omega marginBottom\">\r\n<div class=\"five alpha\">\r\n<p class=\"story\">Sectarian bitterness was especially evident in Australian society after the First World War coupled with the War of Independence back home in Ireland. All that was required to ignite the situation was a spark. That spark, was Brigid.</p>\r\n</div>\r\n\r\n<div class=\"four omega\">\r\n<p class=\"story\">After fleeing from her convent, Brigid would be declared insane by the Catholic Bishop in Australia, a warrant would be issued for her arrest and Australia would battle to fan the sectarian flames that Brigid ignited across the country in the 1920s.</p>\r\n</div>\r\n</div>\r\n</div>\r\n\r\n<div class=\"twelve alpha omega marginBottom\">\r\n<p class=\"quote\"><span class=\"quoteMarks\">\"</span>Brigid\'s story is unbelievable and yet it is completely true.<span class=\"quoteMarks\">\"</span><span class=\"reporter\"> -Maureen told Independent.ie.</span></p>\r\n</div>\r\n\r\n<div class=\"twelve alpha omega\">\r\n<div class=\"nine alpha omega marginBottom\">\r\n<div class=\"five alpha\">\r\n<p class=\"story\">\"I was fascinated from the moment I came across my great aunt\'s story. In 2011, I was doing some family research and I came across an article from a newspaper in Wagga Wagga in New South Wales on \'The Nun in the Nightgown\', which was about my great aunt and I was so surprised to learn about her.</p>\r\n\r\n<p class=\"story\">\"We were aware that there was a nun in my dad\'s family who went to Australia but that was all. I was overwhelmed and fascinated by her story.\"</p>\r\n</div>\r\n\r\n<div class=\"four omega\">\r\n<p class=\"story\">Maureen travelled to Wagga Wagga with her two daughters to try and unravel more details about her great aunt, who had become known as Sister Liguori.</p>\r\n\r\n<p class=\"story\">She visited the Blessed Virgin Mary convent where her great aunt had escaped from almost 100 years earlier.</p>\r\n</div>\r\n</div>\r\n</div>\r\n\r\n<div class=\"twelve alpha omega marginBottom\">\r\n<p class=\"quote\"><span class=\"quoteMarks\">\"</span>Having taught for six years, she was given a bad assessment as a teacher and the Mother Superior effectively demoted her to take charge of the refectory along with cleaning duties which continued for two years. I think she felt demoralised after having the status of being a teaching nun.<span class=\"quoteMarks\">\"</span></p>\r\n</div>\r\n\r\n<div class=\"twelve alpha omega\">\r\n<div class=\"nine alpha omega marginBottom\">\r\n<p class=\"story\">There, Maureen discovered that Brigid\'s discontentment in the convent grew after she was demoted from a teacher and this led to her eventual escape.</p>\r\n\r\n<p class=\"story\">It was following this demotion, that Brigid fled the convent in the middle of the night, wearing only her nightdress.</p>\r\n\r\n<p class=\"story\">She took refuge in the house of a Protestant family who shielded her from the wrath of the Catholic Church.</p>\r\n</div>\r\n</div>\r\n\r\n<div class=\"twelve alpha omega\">\r\n<div class=\"nine alpha omega marginBottom\">\r\n<div class=\"five alpha\">\r\n<p class=\"story\">They refused to disclose the nun\'s whereabouts to the Catholic authorities, sparking a media storm in Australia.</p>\r\n\r\n<p class=\"story\">The Grand Master of the Orange Order in New South Wales was then contacted and placed Brigid with a Presbyterian Minister and his wife to act as her guardians.</p>\r\n\r\n<p class=\"story\">In retaliation, the Catholic Bishop swore before a Chamber Magistrate that Brigid was insane and a warrant was issued for her arrest.</p>\r\n\r\n<p class=\"story\">After Brigid was located in a Sydney suburb, she was arrested and taken to the \'Reception House for the Insane\' in Darlinghurst.</p>\r\n</div>\r\n\r\n<div class=\"four omega\">\r\n<p class=\"story\">A week later, she appeared before the Lunacy Court and was declared sane and released.</p>\r\n\r\n<p class=\"story\">However, having received no apology from the Bishop for the slur cast on her character, she turned to the courts for redress.</p>\r\n\r\n<p class=\"story\">But taking on the Bishop meant taking on the Catholic Church.</p>\r\n\r\n<p class=\"story\">Brigid then turned once again to those who helped her after she fled the convent and the Protestant community gave her the support to sue the Catholic Bishop.</p>\r\n</div>\r\n</div>\r\n</div>\r\n\r\n<div class=\"twelve alpha omega\">\r\n<div class=\"nine alpha omega marginBottom\">\r\n<p class=\"story\">In an age of bitter sectarian feeling and ready tempers, an unholy war raged around her as the enmity between the two sides, rooted in history and religion, reached fever pitch. In July 1921, the pavements outside Sydney\'s Supreme Court were lined with hundreds of people, mostly women, hoping to gain admission to one of the most sensational cases in the history of the Australian Law Courts.</p>\r\n</div>\r\n</div>\r\n\r\n<div class=\"twelve alpha omega marginBottom\">\r\n<p class=\"quote\"><span class=\"quoteMarks\">\"</span>Wagga Wagga was completely divided in two.<span class=\"quoteMarks\">\"</span></span class=\"reporter\"> -Maureen said.</span></p>\r\n\r\n<p class=\"quote\"><span class=\"quoteMarks\">\"</span>The Protestant side was protecting her and keeping her away from the Catholics. I was totally stunned by the sectarianism I discovered that was going on in Australia at that time as well.<span class=\"quoteMarks\">\"</span></p>\r\n</div>\r\n\r\n<div class=\"twelve alpha omega\">\r\n<div class=\"nine alpha omega marginBottom\">\r\n<div class=\"five alpha\">\r\n<p class=\"story\">Brigid never got her public apology but neither did she ever return to her religious life.</p>\r\n\r\n<p class=\"story\">Maureen, who is a mother-of-five and lives in Downpatrick, Co Down, said that her great aunt\'s story helped her overcome challenges in her own life.</p>\r\n\r\n<p class=\"story\">Maureen was traumatised for years after suffering a heart attack when armed masked men tied her and her daughters up during a burglary at their home in 2007.</p>\r\n</div>\r\n\r\n<div class=\"four omega\">\r\n<p class=\"story\">Five years later she was diagnosed with Motor Neurone Disease (MND) after noticing some symptoms while she was working on her exhaustive research into Brigid\'s story.</p>\r\n\r\n<p class=\"story\">\"Because of those so and so\'s (who took part in the robbery), everywhere I went, I saw masked men in my head. Without realising it, I think that I was doing the research as a means of distraction.</p>\r\n</div>\r\n</div>\r\n</div>\r\n\r\n<div class=\"twelve alpha omega\">\r\n<div class=\"nine alpha omega marginBottom\">\r\n<p class=\"story\">\"I became so totally absorbed in the story that I couldn\'t let it be and just had to write it. I had to convince myself that I could write a book as I\'m not a writer and I\'ve never attempted to write a book before.</p>\r\n\r\n<p class=\"story\">\"And it was devastating to learn about my Motor Neurone diagnosis - but, again, the first thing that kept me going was that wee story and I thought, I\'m going to see that to the end. Telling my family was the hardest part and it took a while for us all to absorb the shock. I had the choice of dying with MND or living with it. I chose living.</p>\r\n\r\n<p class=\"story\">\"Like Brigid I found strength at my weakest moment. With renewed gusto, I finished my book. My dream was realised but something more wonderful happened when my book caught the eye of local writer-director Colin McIvor, fresh from the success of his award winning film Zoo, which was set during the Belfast Blitz. Colin was impressed the first time he heard my great aunt\'s story and a deal was immediately clinched to take it to the big screen.\"</p>\r\n\r\n<p class=\"story\">\'The Extraordinary Case of Sister Liguori\' by Maureen McKeown is available on Amazon now.</p>\r\n</div>\r\n</div>', 'WHEN a young Irish nun fled her convent one foggy night barefoot and dressed only in her nightgown,...', '2019-03-30', '08:11:00', 5, 6, 6),
(24, 'Mairead: I want six-pack abs from \'Dancing with the Stars\'', 'Mairead: I want six-pack abs from \'Dancing...', 'Mairead Ronan has been announced as the first contestant in Dancing with the Stars', '<div class=\"nine alpha omega marginBottom\">\r\n<p class=\"story\">Mairead Ronan has been announced as the first contestant in the highly anticipated return of RTE One hit series Dancing with the Stars.</p>\r\n\r\n<p class=\"story\">Speaking to the Sunday Independent, the presenter, who gave birth to her third child in August, said:</p>\r\n</div>\r\n\r\n<div class=\"twelve alpha omega marginBottom\">\r\n<p class=\"quote\"><span class=\"quoteMarks\">\"</span>I\'m feeling very nervous, I don\'t think anyone has done the show with a baby as young as Bonnie. While I may not be in the best shape I\'ve ever been, I love to dance, I love music and I love the show so I couldn\'t say no.<span class=\"quoteMarks\">\"</span></p>\r\n</div>\r\n\r\n<div class=\"twelve alpha omega\">\r\n<div class=\"nine alpha omega marginBottom\">\r\n<p class=\"story\">Ronan said her priority was getting a washboard stomach from the strenuous routines. \"From this experience I hope to get a six-pack,\" she said.</p>\r\n</div>\r\n</div>\r\n\r\n<div class=\"twelve alpha omega marginBottom\">\r\n<p class=\"quote\"><span class=\"quoteMarks\">\"</span>It\'s great that I\'m going to have some glamour in my life. At the moment I\'m doing a lot of nappy changes and school runs, and getting dressed up is not my top priority - so this will be a welcome change.<span class=\"quoteMarks\">\"</span></p>\r\n</div>\r\n\r\n<div class=\"twelve alpha omega\">\r\n<div class=\"nine alpha omega marginBottom\">\r\n<p class=\"story\">On wanting to add her name to the trophy cabinet, she said: \"Dara [her eldest son] is the only person in the house that has trophies at the moment so I would love to have the Dancing with the Stars trophy on the mantelpiece. It would be lovely to show him that Mommy can win things too.\"</p>\r\n\r\n<p class=\"story\">Ronan will take to the dance floor to battle it out for the coveted glitterball trophy, following singer Jake Carter\'s win in series two.</p>\r\n\r\n<p class=\"story\">The next celebrity dancers to join Ronan will be revealed on The Ryan Tubridy Show tomorrow morning. Meanwhile, Jennifer Zamparelli and Nicky Byrne will present the new series, produced by Shinawil.</p>\r\n\r\n<p class=\"story\">Airing on RTE One for 12 weeks from Sunday, January 6, 11 stars will pair up with professional dance partners. Also returning this year are judges Brian Redmond, Loraine Barry and Julian Benson.</p>\r\n</div>\r\n</div>', 'Mairad Ronan has been announced as the first contestant in the highly anticipated...\r\n', '2018-12-02', '02:30:00', 3, 5, 1),
(25, 'Kerry GAA star Paul Geaney weds fiancee Siun in Dingle - with help from their adorable son Paidi', 'Kerry GAA star Paul Geaney weds fiance Siun in Dingle...', 'He\'s only two years old but little Paidi did his late-grandfather proud when he walked his mother Siun Ni She down the aisle last Friday afternoon.', '<div class=\"nine alpha omega marginBottom\">\r\n<p class=\"story\">He\'s only two years old but little Paidi did his late-grandfather proud when he walked his mother Siun Ni She down the aisle last Friday afternoon.</p>\r\n\r\n<p class=\"story\">The toddler, who bears a striking resemblance to the great footballing legend Paidi O Se, was tasked with the biggest job of the day when his parents Paul Geaney and Siun Ni were married at St Mary\'s church in Dingle.</p>\r\n\r\n<p class=\"story\">Poignantly, yesterday marked the sixth anniversary of Paidi\'s death and Siun said she was lucky to have her son take on what would have been her father\'s role.</p>\r\n\r\n<p class=\"story\">\"It was a gamble,\" she laughed. \"He\'s only two so it could have gone either way but he was really great. He was looking around and smiling and waving at everyone and he held my hand so tight. The priest said it was a first.\"</p>\r\n\r\n<p class=\"story\">Speaking of the special date, she said:</p>\r\n</div>\r\n\r\n<div class=\"twelve alpha omega marginBottom\">\r\n<p class=\"quote\"><span class=\"quoteMarks\">\"</span>We planned the wedding in December because of Paul\'s training schedule and because he has a busy business - Paul Geaney\'s pub and restaurant in Dingle - so we said, \'Why not remember dad and do it around the anniversary too?<span class=\"quoteMarks\">\"</span></p>\r\n</div>\r\n\r\n<div class=\"twelve alpha omega\">\r\n<div class=\"nine alpha omega marginBottom\">\r\n<p class=\"story\">The father-of-three died suddenly in 2012 at his home in Ventry near Dingle at the age of 57.</p>\r\n</div>\r\n</div>\r\n\r\n<div class=\"twelve alpha omega\">\r\n<div class=\"nine alpha omega marginBottom\">\r\n<div class=\"five alpha\">\r\n<p class=\"story\">O Se is considered one of the Kingdom\'s greatest players, lining out at right half back and winning eight All-Ireland medals. He also served as the Kerry, Clare and Westmeath manager and was a respcted columnist for the Sunday Independent.</p>\r\n</div>\r\n\r\n<div class=\"four omega\">\r\n<p class=\"story\">\"I think of him every day but I thought of him on the day of the wedding especially. In the car on the way to the church when I had a quiet moment I thought of him. I was very fortunate to have Paidi to walk me down the aisle. Life has gone full circle. It made it a really happy day.</p>\r\n</div>\r\n</div>\r\n</div>\r\n\r\n<div class=\"twelve alpha omega\">\r\n<div class=\"nine alpha omega marginBottom\">\r\n<p class=\"story\">\"It was great from start to finish.</p>\r\n\r\n<p class=\"story\">\"The one thing you can\'t plan for is the weather, especially in December, but the sun came out when we came out of the church so it was lovely,\" said Siun, who had a small picture of her father on a locket tied to her bouquet of white and red roses. Wearing a delicate lace and silk wedding gown and drop-diamond earrings, Siun looked the picture of elegance as she was accompanied to the church by her three bridesmaids - including sister Neasa - who were dressed in long black gowns.</p>\r\n</div>\r\n</div>\r\n\r\n<div class=\"twelve alpha omega\">\r\n<div class=\"nine alpha omega marginBottom\">\r\n<div class=\"five alpha\">\r\n<p class=\"story\">Her mother, Maire, wore a fuchsia dress and fascinator with a black stole.</p>\r\n\r\n<p class=\"story\">Paidi, who had trained Paul - now a star forward on the Kerry football team - as a schoolboy, was remembered in the speeches, along with Paul\'s mother Christina who Paul described as his \"rock\" and who he lost to cancer in 2014.</p>\r\n</div>\r\n\r\n<div class=\"four omega\">\r\n<p class=\"story\">The two had been long-time friends but became a couple in 2014.</p>\r\n\r\n<p class=\"story\">On their honeymoon plans, Siun said: \"We are going to Amsterdam tomorrow until Thursday, but we kind of did it the opposite way around. Before the wedding we went to New York and Philadelphia and we might go away again in January.\"</p>\r\n</div>\r\n</div>\r\n</div>\r\n\r\n<div class=\"twelve alpha omega\">\r\n<div class=\"nine alpha omega marginBottom\">\r\n<p class=\"story\">Geaney (27) has won back-to-back All-Star awards and won the Sam Maguire with Kerry back in 2014.</p>\r\n</div>\r\n</div>', 'The toddler, who bears a striking resemblance to the great footballing legend Paidi O Se...', '2018-12-16', '18:49:00', 3, 5, 1),
(26, '\'Invasive alien species\' reportedly spotted along Dublin canal\r\n', '\'Invasive alien species\' reportedly spotted along...', 'The public has been warned to be on alert.', '<div class=\"nine alpha omega marginBottom\">\r\n<p class=\"story\">The public has been warned to be on alert for an \"invasive alien species\" which has been reportedly spotted along the Royal Canal in Dublin.</p>\r\n\r\n<p class=\"story\">The rodent, called a coypu, was reportedly seen near the Ashtown area of the canal close to Castleknock.</p>\r\n</div>\r\n\r\n<div class=\"twelve alpha omega\">\r\n<div class=\"nine alpha omega marginBottom\">\r\n<div class=\"five alpha\">\r\n<p class=\"story\">A coypu, is a large semi-aquatic rodent and can be up to a metre long and weigh up to 9kg. It has bright orange teeth and they can also carry a number of diseases harmful to humans and domestic animals.</p>\r\n</div>\r\n\r\n<div class=\"four omega\">\r\n<p class=\"story\">A spokesperson for the Department of Culture, Heritage and the Gaeltacht said the sighting along the Dublin canal was reported to them, but \"as no photograph was submitted, this remains an unconfirmed sighting\".</p>\r\n</div>\r\n</div>\r\n</div>\r\n\r\n<div class=\"twelve alpha omega marginBottom\">\r\n<p class=\"quote\"><span class=\"quoteMarks\">\"</span>Confirmed breeding of coypu in the wild has only been reported from one location - outside Cork city in 2017/2018. 10 animals were removed from that location. They were trapped in cages and dispatched humanely. The corpses are undergoing genetic testing in UCC in an attempt to identify the origins of the animals.<span class=\"quoteMarks\">\"</span></p>\r\n</div>\r\n\r\n<div class=\"twelve alpha omega\">\r\n<div class=\"nine alpha omega marginBottom\">\r\n<p class=\"story\">The Department said that the coypu is \"a listed invasive alien species\" which causes damage to drainage ditches, canal banks and flood defences.</p>\r\n\r\n<p class=\"story\">Ireland is obliged under the EU Regulations on Invasive Species to eradicate this species from the wild.</p>\r\n\r\n<p class=\"story\">The public are requested to submit any records of suspected coypu, preferably accompanied by a photo, to the National Biodiversity Data Centre at www.biodiversityireland.ie</p>\r\n</div>\r\n</div>', 'The public has been warned to be on alert for an \"invasive alien species\" which...', '2019-03-22', '12:17:00', 5, 6, 1),
(27, 'Well known pub \'forced to hire extra security\' to deal with students celebrating at 7am', 'Well known pub \'forced to hire extra security\' to deal...', 'ONE of Cork\'s best known early houses has had to hire extra security to cope with college students celebrating as early as 7am in the morning.', '<div class=\"nine alpha omega marginBottom\">\r\n<p class=\"story\">ONE of Cork\'s best known early houses has had to hire extra security to cope with college students celebrating as early as 7am in the morning.</p>\r\n\r\n<p class=\"story\">Speaking on the Neil Prendeville Show on Cork\'s RedFM, Fianna Fail Cllr Mary Shields raised concerns about students going to the early houses, which can legally start serving alcohol at 7am.</p>\r\n</div>\r\n\r\n<div class=\"twelve alpha omega marginBottom\">\r\n<p class=\"quote\"><span class=\"quoteMarks\">\"</span>If I don\'t think students are getting up that early to go drinking. It would be reasonable to think they are out drinking all night. I\'ve nothing against students having a good time but there will be major problems if students are getting taxis into the city in the morning to go drinking after having been out all night.<span class=\"quoteMarks\">\"</span><span class=\"reporter\"> Cllr Shields said.</span></p>\r\n</div>\r\n\r\n<div class=\"twelve alpha omega\">\r\n<div class=\"nine alpha omega marginBottom\">\r\n<p class=\"story\">\"Last Wednesday taxis brought two loads into the city and they were queuing outside the pub because it was so full.</p>\r\n</div>\r\n</div>\r\n\r\n<div class=\"twelve alpha omega\">\r\n<div class=\"nine alpha omega marginBottom\">\r\n<div class=\"five alpha\">\r\n<p class=\"story\">\"Young people should be getting up to go to college at 7am. I\'m sure parents who are working hard and paying huge fees wouldn\'t be happy to see their son or daughter in the town drinking at 7am.\"</p>\r\n\r\n<p class=\"story\">Cllr Shields said that the early houses should have strict policies when it comes to students.</p>\r\n</div>\r\n\r\n<div class=\"four omega\">\r\n<p class=\"story\">\"It was never designed to cater for [students]. The licence exists since 1927. In this context, there is an onus on the people who run them to bar students.\"</p>\r\n\r\n<p class=\"story\">Michael O\'Donovan, chairman of the Cork Vintners Federation said that students drinking early in the morning is a new \"phenomenon\" and called on the Government to introduce laws to end the sale of cheap alcohol.</p>\r\n</div>\r\n</div>\r\n</div>\r\n\r\n<div class=\"twelve alpha omega\">\r\n<div class=\"nine alpha omega marginBottom\">\r\n<p class=\"story\">\"I don\'t think it is the business that pubs want but it is a new phenomenon over the last year and a half. It happens particularly on RAG week and Freshers\' week. There is one early house that they seem to target and that bar takes precautions by taking in security and having people on the door to look after the students.</p>\r\n</div>\r\n</div>\r\n\r\n<div class=\"twelve alpha omega marginBottom\">\r\n<p class=\"quote\"><span class=\"quoteMarks\">\"</span>It also happened last week on \'Refreshers\' week\'. It\'s primarily people who are out all night and continuing the party in the morning. Not all the students get in and some are refused at the door because they\'re so intoxicated.<span class=\"quoteMarks\">\"</span></p>\r\n</div>\r\n\r\n<div class=\"twelve alpha omega\">\r\n<div class=\"nine alpha omega marginBottom\">\r\n<div class=\"five alpha\">\r\n<p class=\"story\">Mr O\'Donovan said that laws around refusing students in the pub are a \"minefield\".</p>\r\n\r\n<p class=\"story\">\"These pubs are there primarily for dockers and for shift workers because people working throughout the night come for a drink after their shift. Students going to it, once they\'re over 18, can use it legally and it\'s very hard to stop them.</p>\r\n</div>\r\n\r\n<div class=\"four omega\">\r\n<p class=\"story\">\"Cheap alcohol in the supermarkets has become a big problem. People are drinking at home before going onto an event. The amount of alcohol that is being sold is much higher off-trade than on-trade. It is expensive to come to as bar to have a drink but it\'s become cheaper to drink from the off-trade.\"</p>\r\n</div>\r\n</div>\r\n</div>\r\n\r\n\r\n<div class=\"twelve alpha omega\">\r\n<div class=\"nine alpha omega marginBottom\">\r\n<p class=\"story\">Paraic O\'Regan from the Welcome Inn pub, which has an early house licence, said that the most people who come to his pub are in their early 60s.</p>\r\n\r\n<p class=\"story\">\"I\'ve a lot of pensioners that come in the morning for company, I\'ve a lot of guys off the drink who come in and we just look after them. There is a lot of loneliness out there.</p>\r\n\r\n<p class=\"story\">\"There are zero issues in relation to public order at my premises.\"</p>\r\n</div>\r\n</div>', 'Speaking on the Neil Prendeville Show on Cork\'s RedFM, Fianna Fail Cllr Mary Shields raised...\r\n', '2019-03-23', '15:35:00', 5, 6, 6),
(28, 'Garda probe after drive-by shooting in Dublin', 'Garda probe after drive-by shooting...', 'Anyone with information contact Mountjoy Garda Station 01- 6668600', '<div class=\"nine alpha omega marginBottom\">\r\n<p class=\"story\">Gardai are appealing for witnesses following a drive-by shooting at a house in Dublin last night.</p>\r\n\r\n<p class=\"story\">The incident occurred at a house on St Attracta Road, Cabra shortly before 10pm.</p>\r\n\r\n<p class=\"story\">A number of shots were fired but none of the occupants of the house were injured.</p>\r\n\r\n<p class=\"story\">Gardai are currently at the scene and searches of the area are underway. The scene is preserved for a technical examination.</p>\r\n\r\n<p class=\"story\">Anyone with information is asked to contact Mountjoy Garda Station 01- 6668600 or the Garda Confidential Line 1800 666 111.</p>\r\n</div>\r\n</diV>', 'Gardai are appealing for witnesses following a drive-by shooting at a house in Dublin last night.', '2019-01-27', '08:10:00', 5, 6, 1);

-- --------------------------------------------------------

--
-- Table structure for table `storytypeid`
--

CREATE TABLE `storytypeid` (
  `id` int(11) NOT NULL,
  `name` varchar(30) NOT NULL
) ENGINE=InnoDB DEFAULT CHARSET=latin1;

--
-- Dumping data for table `storytypeid`
--

INSERT INTO `storytypeid` (`id`, `name`) VALUES
(1, 'Business'),
(2, 'Sports'),
(3, 'Entertainment'),
(4, 'Politics'),
(5, 'Irish News'),
(6, 'Style');

-- --------------------------------------------------------

--
-- Table structure for table `writterid`
--

CREATE TABLE `writterid` (
  `id` int(11) NOT NULL,
  `firstName` varchar(30) NOT NULL,
  `lastName` varchar(30) NOT NULL,
  `link` varchar(100) NOT NULL
) ENGINE=InnoDB DEFAULT CHARSET=latin1;

--
-- Dumping data for table `writterid`
--

INSERT INTO `writterid` (`id`, `firstName`, `lastName`, `link`) VALUES
(1, 'Kevin', 'Doyle', 'https://www.independent.ie/opinion/independent-journalists/kevin-doyle/'),
(2, 'Stephen', 'Hunt', 'https://www.independent.ie/opinion/independent-journalists/stephen-hunt/'),
(3, 'Ellie', 'Donnelly', 'https://www.independent.ie/opinion/independent-journalists/ellie-donnelly/'),
(4, 'Neil', 'Francis', 'https://www.independent.ie/opinion/independent-journalists/neil-francis/'),
(5, 'Niamh', 'Horan', 'https://www.independent.ie/opinion/independent-journalists/niamh-horan/'),
(6, 'Catherine', 'Devine', 'https://www.independent.ie/opinion/independent-journalists/catherine-devine/'),
(7, 'Laura', 'Larkin', 'https://www.independent.ie/opinion/independent-journalists/laura-larkin/'),
(8, 'John', 'Mulligan', 'https://www.independent.ie/opinion/independent-journalists/john-mulligan/'),
(9, 'Charlie', 'Weston', 'https://www.independent.ie/opinion/independent-journalists/charlie-weston/'),
(10, 'Caitlin', 'McBride', 'https://www.independent.ie/opinion/independent-journalists/caitlin-mcbride/'),
(11, 'Fiona', 'Ness', 'https://www.independent.ie/opinion/independent-journalists/fiona-ness/');

--
-- Indexes for dumped tables
--

--
-- Indexes for table `areawrittenid`
--
ALTER TABLE `areawrittenid`
  ADD PRIMARY KEY (`id`);

--
-- Indexes for table `stories`
--
ALTER TABLE `stories`
  ADD PRIMARY KEY (`id`),
  ADD KEY `story_author_fk` (`writterID`),
  ADD KEY `story_catagory_fk` (`storyTypeID`),
  ADD KEY `story_location_fk` (`areaWritten`);

--
-- Indexes for table `storytypeid`
--
ALTER TABLE `storytypeid`
  ADD PRIMARY KEY (`id`);

--
-- Indexes for table `writterid`
--
ALTER TABLE `writterid`
  ADD PRIMARY KEY (`id`);

--
-- AUTO_INCREMENT for dumped tables
--

--
-- AUTO_INCREMENT for table `areawrittenid`
--
ALTER TABLE `areawrittenid`
  MODIFY `id` int(11) NOT NULL AUTO_INCREMENT, AUTO_INCREMENT=8;

--
-- AUTO_INCREMENT for table `stories`
--
ALTER TABLE `stories`
  MODIFY `id` int(11) NOT NULL AUTO_INCREMENT, AUTO_INCREMENT=29;

--
-- AUTO_INCREMENT for table `storytypeid`
--
ALTER TABLE `storytypeid`
  MODIFY `id` int(11) NOT NULL AUTO_INCREMENT, AUTO_INCREMENT=7;

--
-- AUTO_INCREMENT for table `writterid`
--
ALTER TABLE `writterid`
  MODIFY `id` int(11) NOT NULL AUTO_INCREMENT, AUTO_INCREMENT=12;

--
-- Constraints for dumped tables
--

--
-- Constraints for table `stories`
--
ALTER TABLE `stories`
  ADD CONSTRAINT `story_author_fk` FOREIGN KEY (`writterID`) REFERENCES `writterid` (`id`) ON UPDATE CASCADE,
  ADD CONSTRAINT `story_catagory_fk` FOREIGN KEY (`storyTypeID`) REFERENCES `storytypeid` (`id`) ON UPDATE CASCADE,
  ADD CONSTRAINT `story_location_fk` FOREIGN KEY (`areaWritten`) REFERENCES `areawrittenid` (`id`) ON UPDATE CASCADE;
COMMIT;

/*!40101 SET CHARACTER_SET_CLIENT=@OLD_CHARACTER_SET_CLIENT */;
/*!40101 SET CHARACTER_SET_RESULTS=@OLD_CHARACTER_SET_RESULTS */;
/*!40101 SET COLLATION_CONNECTION=@OLD_COLLATION_CONNECTION */;
